Workbook

Sheet Intro
B1: Hey! This is a manual planner for tracking + determining class binds across classes. | D1: Links
A2: Setup | B2: To use this, go to File -> Make A Copy. Then go here to fill in your binds, and then to your class.
A3: Quick Setup | B3: 1. Import my Edit Mode string from Export Strings sheet. 2. Download my addon Keybinding, type /kb and paste in the spec string. 3. Download OPie, paste in my OPie Master Ring string and bind the strings. | D3: Mount/Autorun | E3: Having mount + autorun on mouse buttons means you can move effectively while eating, or just real quick with your mouse before you get up to grab a drink. I use Mouse 3, which is middle click.
B4: This version is the manual planner, but I've included my export strings. The import/export version lives here. Ideally, though, you want to use our keybind tool here. | E4: New tip! MogMount has a button in the WoW Keybinds that will use your assigned MogMount OR a random one. This helps keep the mount off your bar. I use this with an extra mouse button for handiness.
A5: Links | B5: Keybinding addon for profile imports/exports | D5: Modifiers | E5: Shift is easier for most, then Control and Alt are harder depending on keyboard & hand size, so prioritising them by ease is important. But if a button combo doesn't work, try another one.
B6: Keybinding webtool | D6: Strafing/Movement | E6: It might take some getting used to, but rebind A+D to Strafe Left + Strafe Right, then use Q+E for key abilities.
D7: Interface | E7: If adapting to a new key for interface elements doesn't work for you, try things like the Alt + the original key: i.e. Alt+V for nameplates, Alt+Z for sit and Alt+C for character pane!
D8: Macros | E8: There are tons of helpful macros here.
A9: Keybinding Principles | B9: Don't use keys you can't comfortably reach. | D9: OPie | E9: Try out OPie. It's another addon to rely on & set up, but it's worth it.
B10: Put abilities you press most often on the closest and easiest buttons. | D10: Mouse Buttons | E10: I use a Steelseries Aerox 9, which has 12 buttons on the side. However, this sheet accounts for every setup - so at least a 70% keyboard and a mouse with just 2 buttons - M4 and M5.
B11: Use your mouse buttons to instantly access emergency buttons.
B12: Make sure to plan your binds around your hand. Use your fingers for rotation abilities and thumb (or mouse buttons) for off-GCDs. | E12: Find this useful? Check out our Youtube channel and our website - we offer a lot more on both!
B13: Use modifiers (Shift, Ctrl, Alt) to get extra mileage out of the best keys.
B14: Bind a good Interact key to save tons of time. I use ` which is right beside the 1 key.
B15: Use mouseover casting instead of clicking unitframes.
B16: Organise your abilities in a way that makes sense to you.
B17: Use the same key for the same effect across classes: i.e. V always interrupts, X is always movement.
B18: Ensure you can move while pressing instant casts as a ranged DPS.
B19: Avoid binding off-GCDs and GCDs in ways you can't combo them.

Sheet Export Strings
A1: Spec | B1: V1 (Pre-EAB) | C1: Keybinding Addon String
A2: Blood | B2: MSxzcGVsbCwyMDY5MzAsc3BlbGwsMSx8MixzcGVsbCwxOTUxODIsc3BlbGwsMix8MyxzcGVsbCw1MDg0MixzcGVsbCwzLHw0LG1hY3JvLDQzMjY1LDQzMjY1LDQsLFJHVmhkR2dnWVc1a0lFUmxZMkY1SUNoSGNtOTFibVFwLEkzTm9iM2QwYjI5c2RHbHdJRVJsWVhSb0lHRnVaQ0JFWldOaGVRb3ZZMkZ6ZENCYlFHTjFjbk52Y2wwZ1JHVmhkR2dnWVc1a0lFUmxZMkY1Q2c9PSxjfDUsc3BlbGwsNDk5OTgsc3BlbGwsUSx8NixzcGVsbCw1NTIzMyxzcGVsbCxFLHw3LHNwZWxsLDE5NTI5MixzcGVsbCxSLHw4LHNwZWxsLDEyNjM4MjQsc3BlbGwsRix8OSM1LHwxMCM1LHwxMSM1LHwxMiM1LHwxMyM1LHwxNCM1LHwxNSM1LHwxNiM1LHwxNyM1LHwxOCM1LHwxOSM1LHwyMCM1LHwyMSM1LHwyMiM1LHwyMyM1LHwyNCM1LHwyNSM0LFNISUZULVosfDI2LHNwZWxsLDIxMjU1MixzcGVsbCxTSElGVC1YLHwyNyxzcGVsbCwyMDcxNjcsc3BlbGwsU0hJRlQtQyx8Mjgsc3BlbGwsNDU1MjQsc3BlbGwsU0hJRlQtVix8Mjksc3BlbGwsNDg3OTIsc3BlbGwsWix8MzAsc3BlbGwsNDgyNjUsc3BlbGwsWCx8MzEsc3BlbGwsMjIxNTYyLHNwZWxsLEMsfDMyLHNwZWxsLDQ3NTI4LHNwZWxsLFYsfDMzIzUsfDM0IzUsfDM1IzUsfDM2IzUsfDM3LHNwZWxsLDc3NjA2LHNwZWxsLEFMVC1aLHwzOCxzcGVsbCwyMDMxNzMsc3BlbGwsQUxULVgsQ1RSTC1CVVRUT040fDM5IzQsQUxULUMsQUxULUJVVFRPTjV8NDAsc3VtbW9ubW91bnQsNzIyODYsLEFMVC1WLEFMVC1CVVRUT040fDQxIzQsQ1RSTC1aLFNISUZULUJVVFRPTjV8NDIjNCxDVFJMLVgsU0hJRlQtQlVUVE9ONHw0MyxzcGVsbCw0ODcwNyxzcGVsbCxDVFJMLUMsQlVUVE9ONXw0NCxzcGVsbCw1NjIyMixzcGVsbCxCVVRUT040LENUUkwtVnw0NSM1LHw0NiM1LHw0NyM1LHw0OCM1LHw0OSM0LENUUkwtMSx8NTAsc3BlbGwsNDkwMzksc3BlbGwsQ1RSTC0yLHw1MSxzcGVsbCw0NzU0MSxzcGVsbCxDVFJMLTMsfDUyLHNwZWxsLDQ4NzQzLHNwZWxsLENUUkwtNCx8NTMsc3BlbGwsMTExNjczLHNwZWxsLENUUkwtUSx8NTQsc3BlbGwsMzcxNCxzcGVsbCxDVFJMLUUsfDU1LG1hY3JvLDUxMDUyLDUxMDUyLENUUkwtUiwsUVc1MGFTMU5ZV2RwWXlCYWIyNWxJQ2hIY205MWJtUXAsSTNOb2IzZDBiMjlzZEdsd0lFRnVkR2t0VFdGbmFXTWdXbTl1WlFvdlkyRnpkQ0JiUUdOMWNuTnZjbDBnUVc1MGFTMU5ZV2RwWXlCYWIyNWxDZz09LGN8NTYsc3BlbGwsNjE5OTksc3BlbGwsQ1RSTC1GLHw1NyM1LHw1OCM1LHw1OSM1LHw2MCM1LHw2MSxzcGVsbCw0OTAyOCxzcGVsbCxTSElGVC0xLHw2MixzcGVsbCw0Mzk4NDMsc3BlbGwsU0hJRlQtMix8NjMjNCxTSElGVC0zLHw2NCxzcGVsbCw0NjU4NSxzcGVsbCxTSElGVC00LHw2NSxzcGVsbCw0OTU3NixzcGVsbCxTSElGVC1RLHw2NixzcGVsbCwxMDgxOTksc3BlbGwsU0hJRlQtRSx8NjcjNCxTSElGVC1SLHw2OCM0LFNISUZULUYsfDY5IzUsfDcwIzUsfDcxIzUsfDcyIzUsfDczIzUsfDc0IzUsfDc1IzUsfDc2IzUsfDc3IzUsfDc4IzUsfDc5IzUsfDgwIzUsfDgxIzUsfDgyIzUsfDgzIzUsfDg0IzUsfDg1IzUsfDg2IzUsfDg3IzUsfDg4IzUsfDg5IzUsfDkwIzUsfDkxIzUsfDkyIzUsfDkzIzUsfDk0IzUsfDk1IzUsfDk2IzUsfDk3IzUsfDk4IzUsfDk5IzUsfDEwMCM1LHwxMDEjNSx8MTAyIzUsfDEwMyM1LHwxMDQjNSx8MTA1IzUsfDEwNiM1LHwxMDcjNSx8MTA4IzUsfDEwOSM1LHwxMTAjNSx8MTExIzUsfDExMiM1LHwxMTMjNSx8MTE0IzUsfDExNSM1LHwxMTYjNSx8MTE3IzUsfDExOCM1LHwxMTkjNSx8MTIwIzUsfDEyMSxzcGVsbCwzNzI2MDgsc3BlbGwsLHwxMjIsc3BlbGwsMzcyNjEwLHNwZWxsLCx8MTIzLHNwZWxsLDM2MTU4NCxzcGVsbCwsfDEyNCxzcGVsbCw0MjU3ODIsc3BlbGwsLHwxMjUsc3BlbGwsNDAzMDkyLHNwZWxsLCx8MTI2IzUsfDEyNyM1LHwxMjgjNSx8MTI5IzUsfDEzMCM1LHwxMzEjNSx8MTMyIzUsfDEzMyM1LHwxMzQjNSx8MTM1IzUsfDEzNiM1LHwxMzcjNSx8MTM4IzUsfDEzOSM1LHwxNDAjNSx8MTQxIzUsfDE0MiM1LHwxNDMjNSx8MTQ0IzUsfDE0NSxtYWNybywxMjMxNDExLDEyMzE0MTEsLCxSVzVvWVc1alpWRnZURWhsWVd4MGFFMWhZM0p2LEkzTm9iM2QwYjI5c2RHbHdDaTlqWVhOMElGdHViMk52YldKaGRGMGdVbVZqZFhCbGNtRjBaUW92WTJGemRITmxjWFZsYm1ObElGdGpiMjFpWVhSZElISmxjMlYwUFdOdmJXSmhkQ0JwZEdWdE9qSXhNVGczT1E9PSxhfDE0NixtYWNybywzIzQsUlc1b1lXNWpaVkZ2VEVSeWFXNXJUV0ZqY204PSxJM05vYjNkMGIyOXNkR2x3Q2c9PSxhfDE0NyxpdGVtLDIxMjI1OCwsLHwxNDgjNSx8MTQ5LG1hY3JvLDE0OCxpdGVtLCwsVkhKcGJtdGxkQ0F4LEkzTm9iM2QwYjI5c2RHbHdDaTkxYzJVZ1cwQmpkWEp6YjNKZE1UTUssYXwxNTAsc3BlbGwsNTk1NDUsc3BlbGwsLHwxNTEjNSx8MTUyIzUsfDE1MyM1LHwxNTQjNSx8MTU1IzUsfDE1NiM1LHwxNTcjNSx8MTU4IzUsfDE1OSM1LHwxNjAjNSx8MTYxIzUsfDE2MiM1LHwxNjMjNSx8MTY0IzUsfDE2NSM1LHwxNjYjNSx8MTY3IzUsfDE2OCM1LHwxNjkjNSx8MTcwIzUsfDE3MSM1LHwxNzIjNSx8MTczIzUsfDE3NCM1LHwxNzUjNSx8MTc2IzUsfDE3NyM1LHwxNzgjNSx8MTc5IzUsfDE4MCM1LA== | C2: MCxfaGVhZGVyLGRlYXRoa25pZ2h0LDI1MCwsfDEsc3BlbGwsMjA2OTMwLHNwZWxsLDEsfDIsc3BlbGwsMTk1MTgyLHNwZWxsLDIsfDMsc3BlbGwsNTA4NDIsc3BlbGwsMyx8NCxtYWNybyw0MzI2NSw0MzI2NSw0LCxSR1ZoZEdnZ1lXNWtJRVJsWTJGNUlDaEhjbTkxYm1RcCxJM05vYjNkMGIyOXNkR2x3SUVSbFlYUm9JR0Z1WkNCRVpXTmhlUW92WTJGemRDQmJRR04xY25OdmNsMGdSR1ZoZEdnZ1lXNWtJRVJsWTJGNUNnPT0sY3w1LHNwZWxsLDQ5OTk4LHNwZWxsLFEsfDYsc3BlbGwsNTUyMzMsc3BlbGwsRSx8NyxzcGVsbCwxOTUyOTIsc3BlbGwsUix8OCxzcGVsbCwxMjYzODI0LHNwZWxsLEYsfDkjNSx8MTAjNSx8MTEjNSx8MTIjNSx8MTMjNSx8MTQjNSx8MTUjNSx8MTYjNSx8MTcjNSx8MTgjNSx8MTkjNSx8MjAjNSx8MjEjNSx8MjIjNSx8MjMjNSx8MjQjNSx8MjUjNCxTSElGVC1aLHwyNixzcGVsbCwyMTI1NTIsc3BlbGwsU0hJRlQtWCx8Mjcsc3BlbGwsMjA3MTY3LHNwZWxsLFNISUZULUMsfDI4LHNwZWxsLDQ1NTI0LHNwZWxsLFNISUZULVYsfDI5LHNwZWxsLDQ4NzkyLHNwZWxsLFosfDMwLHNwZWxsLDQ4MjY1LHNwZWxsLFgsfDMxLHNwZWxsLDIyMTU2MixzcGVsbCxDLHwzMixzcGVsbCw0NzUyOCxzcGVsbCxWLHwzMyM1LHwzNCM1LHwzNSM1LHwzNiM1LHwzNyxzcGVsbCw3NzYwNixzcGVsbCxBTFQtWixDVFJMLUJVVFRPTjV8Mzgsc3BlbGwsMjAzMTczLHNwZWxsLEFMVC1YLENUUkwtQlVUVE9ONHwzOSM0LEFMVC1DLEFMVC1CVVRUT041fDQwLHN1bW1vbm1vdW50LDcyMjg2LCxBTFQtVixBTFQtQlVUVE9ONHw0MSM0LENUUkwtWixTSElGVC1CVVRUT041fDQyIzQsQ1RSTC1YLFNISUZULUJVVFRPTjR8NDMsc3BlbGwsNDg3MDcsc3BlbGwsQ1RSTC1DLEJVVFRPTjV8NDQsc3BlbGwsNTYyMjIsc3BlbGwsQlVUVE9ONCxDVFJMLVZ8NDUjNSx8NDYjNSx8NDcjNSx8NDgjNSx8NDkjNCxDVFJMLTEsfDUwLHNwZWxsLDQ5MDM5LHNwZWxsLENUUkwtMix8NTEsc3BlbGwsNDc1NDEsc3BlbGwsQ1RSTC0zLHw1MixzcGVsbCw0ODc0MyxzcGVsbCxDVFJMLTQsfDUzLHNwZWxsLDExMTY3MyxzcGVsbCxDVFJMLVEsfDU0LHNwZWxsLDM3MTQsc3BlbGwsQ1RSTC1FLHw1NSxtYWNybyw1MTA1Miw1MTA1MixDVFJMLVIsLFFXNTBhUzFOWVdkcFl5QmFiMjVsSUNoSGNtOTFibVFwLEkzTm9iM2QwYjI5c2RHbHdJRUZ1ZEdrdFRXRm5hV01nV205dVpRb3ZZMkZ6ZENCYlFHTjFjbk52Y2wwZ1FXNTBhUzFOWVdkcFl5QmFiMjVsQ2c9PSxjfDU2LHNwZWxsLDYxOTk5LHNwZWxsLENUUkwtRix8NTcjNSx8NTgjNSx8NTkjNSx8NjAjNSx8NjEsc3BlbGwsNDkwMjgsc3BlbGwsU0hJRlQtMSx8NjIsc3BlbGwsNDM5ODQzLHNwZWxsLFNISUZULTIsfDYzIzQsU0hJRlQtMyx8NjQsc3BlbGwsNDY1ODUsc3BlbGwsU0hJRlQtNCx8NjUsc3BlbGwsNDk1NzYsc3BlbGwsU0hJRlQtUSx8NjYsc3BlbGwsMTA4MTk5LHNwZWxsLFNISUZULUUsfDY3IzQsU0hJRlQtUix8NjgjNCxTSElGVC1GLHw2OSM1LHw3MCM1LHw3MSM1LHw3MiM1LHw3MyM1LHw3NCM1LHw3NSM1LHw3NiM1LHw3NyM1LHw3OCM1LHw3OSM1LHw4MCM1LHw4MSM1LHw4MiM1LHw4MyM1LHw4NCM1LHw4NSM1LHw4NiM1LHw4NyM1LHw4OCM1LHw4OSM1LHw5MCM1LHw5MSM1LHw5MiM1LHw5MyM1LHw5NCM1LHw5NSM1LHw5NiM1LHw5NyM1LHw5OCM1LHw5OSM1LHwxMDAjNSx8MTAxIzUsfDEwMiM1LHwxMDMjNSx8MTA0IzUsfDEwNSM1LHwxMDYjNSx8MTA3IzUsfDEwOCM1LHwxMDkjNSx8MTEwIzUsfDExMSM1LHwxMTIjNSx8MTEzIzUsfDExNCM1LHwxMTUjNSx8MTE2IzUsfDExNyM1LHwxMTgjNSx8MTE5IzUsfDEyMCM1LHwxMjEsc3BlbGwsMzcyNjA4LHNwZWxsLCx8MTIyLHNwZWxsLDM3MjYxMCxzcGVsbCwsfDEyMyxzcGVsbCwzNjE1ODQsc3BlbGwsLHwxMjQsc3BlbGwsNDI1NzgyLHNwZWxsLCx8MTI1LHNwZWxsLDQwMzA5MixzcGVsbCwsfDEyNiM1LHwxMjcjNSx8MTI4IzUsfDEyOSM1LHwxMzAjNSx8MTMxIzUsfDEzMiM1LHwxMzMjNSx8MTM0IzUsfDEzNSM1LHwxMzYjNSx8MTM3IzUsfDEzOCM1LHwxMzkjNSx8MTQwIzUsfDE0MSM1LHwxNDIjNSx8MTQzIzUsfDE0NCM1LHwxNDUsbWFjcm8sMTIzMTQxMSwxMjMxNDExLCwsUlc1b1lXNWpaVkZ2VEVobFlXeDBhRTFoWTNKdixJM05vYjNkMGIyOXNkR2x3Q2k5allYTjBJRnR1YjJOdmJXSmhkRjBnVW1WamRYQmxjbUYwWlFvdlkyRnpkSE5sY1hWbGJtTmxJRnRqYjIxaVlYUmRJSEpsYzJWMFBXTnZiV0poZENCcGRHVnRPakl4TVRnM09RPT0sYXwxNDYsbWFjcm8sMTQ1LGl0ZW0sLCxSVzVvWVc1alpWRnZURVJ5YVc1clRXRmpjbTg9LEkzTm9iM2QwYjI5c2RHbHdDaTlqWVhOMGMyVnhkV1Z1WTJVZ2NtVnpaWFE5WTI5dFltRjBJR2wwWlcwNk1UY3lNRFl6Q2c9PSxhfDE0NyxtYWNybywxNDYsaXRlbSwsLFJHRnRZV2RsSUZCdmRBPT0sSTNOb2IzZDBiMjlzZEdsd0NpOTFjMlVnYVhSbGJUb3lOREV6TURnSyxhfDE0OCxtYWNybywxMSM0LFVHeGhZMlZvYjJ4a1pYST0sVUd4aFkyVm9iMnhrWlhJZ2JXRmpjbThnWm05eUlHbDBaVzF6SUd4cGEyVWdibWwwY204Z1ltOXZjM1FnYjNJZ2MyeHZkeUJtWVd4c0lHTnNiMkZyTGdvPSxhfDE0OSxtYWNybywxNDgsaXRlbSwsLFZISnBibXRsZENBeCxJM05vYjNkMGIyOXNkR2x3Q2k5MWMyVWdXMEJqZFhKemIzSmRNVE1LLGF8MTUwLHNwZWxsLDU5NTQ1LHNwZWxsLCx8MTUxIzUsfDE1MiM1LHwxNTMjNSx8MTU0IzUsfDE1NSM1LHwxNTYjNSx8MTU3IzUsfDE1OCM1LHwxNTkjNSx8MTYwIzUsfDE2MSM1LHwxNjIjNSx8MTYzIzUsfDE2NCM1LHwxNjUjNSx8MTY2IzUsfDE2NyM1LHwxNjgjNSx8MTY5IzUsfDE3MCM1LHwxNzEjNSx8MTcyIzUsfDE3MyM1LHwxNzQjNSx8MTc1IzUsfDE3NiM1LHwxNzcjNSx8MTc4IzUsfDE3OSM1LHwxODAjNSx8MTgxIzQsNSx8MTgyIzQsYCx8MTgzIzQsRjEsfDE4NCM0LEYyLHwxODUjNCxGMyx8MTg2IzQsRjQsfDE4NyM1LHwxODgjNSx8MTg5IzUsfDE5MCM1LHwxOTEjNSx8MTkyIzUs
A3: Frost | B3: MSxzcGVsbCw0OTAyMCxzcGVsbCwxLHwyLHNwZWxsLDQ5MTQzLHNwZWxsLDIsfDMsc3BlbGwsNDkxODQsc3BlbGwsMyx8NCxzcGVsbCwyMDcyMzAsc3BlbGwsNCx8NSxzcGVsbCw1MTI3MSxzcGVsbCxRLHw2LHNwZWxsLDE5NDkxMyxzcGVsbCxFLHw3LHNwZWxsLDQ3NTY4LHNwZWxsLFIsfDgsc3BlbGwsMjc5MzAyLHNwZWxsLEYsfDkjNSx8MTAjNSx8MTEjNSx8MTIjNSx8MTMjNSx8MTQjNSx8MTUjNSx8MTYjNSx8MTcjNSx8MTgjNSx8MTkjNSx8MjAjNSx8MjEjNSx8MjIjNSx8MjMjNSx8MjQjNSx8MjUjNCxTSElGVC1aLHwyNixzcGVsbCwyMTI1NTIsc3BlbGwsU0hJRlQtWCx8Mjcsc3BlbGwsMjA3MTY3LHNwZWxsLFNISUZULUMsfDI4LHNwZWxsLDQ1NTI0LHNwZWxsLFNISUZULVYsfDI5LHNwZWxsLDQ4NzkyLHNwZWxsLFosfDMwLHNwZWxsLDQ4MjY1LHNwZWxsLFgsfDMxLHNwZWxsLDIyMTU2MixzcGVsbCxDLHwzMixzcGVsbCw0NzUyOCxzcGVsbCxWLHwzMyM1LHwzNCM1LHwzNSM1LHwzNiM1LHwzNyxzcGVsbCw3NzYwNixzcGVsbCxBTFQtWix8MzgjNCxBTFQtWCxDVFJMLUJVVFRPTjR8MzkjNCxBTFQtQyxBTFQtQlVUVE9ONXw0MCxzdW1tb25tb3VudCw3MjI4NiwsQUxULVYsQUxULUJVVFRPTjR8NDEjNCxDVFJMLVosU0hJRlQtQlVUVE9ONXw0MiM0LENUUkwtWCxTSElGVC1CVVRUT040fDQzLHNwZWxsLDQ4NzA3LHNwZWxsLENUUkwtQyxCVVRUT041fDQ0LHNwZWxsLDU2MjIyLHNwZWxsLEJVVFRPTjQsQ1RSTC1WfDQ1IzUsfDQ2IzUsfDQ3IzUsfDQ4IzUsfDQ5LHNwZWxsLDQ5OTk4LHNwZWxsLENUUkwtMSx8NTAsc3BlbGwsNDkwMzksc3BlbGwsQ1RSTC0yLHw1MSxzcGVsbCw0NzU0MSxzcGVsbCxDVFJMLTMsfDUyLHNwZWxsLDQ4NzQzLHNwZWxsLENUUkwtNCx8NTMsc3BlbGwsMTExNjczLHNwZWxsLENUUkwtUSx8NTQsc3BlbGwsMzcxNCxzcGVsbCxDVFJMLUUsfDU1LG1hY3JvLDUxMDUyLDUxMDUyLENUUkwtUiwsUVc1MGFTMU5ZV2RwWXlCYWIyNWxJQ2hIY205MWJtUXAsSTNOb2IzZDBiMjlzZEdsd0lFRnVkR2t0VFdGbmFXTWdXbTl1WlFvdlkyRnpkQ0JiUUdOMWNuTnZjbDBnUVc1MGFTMU5ZV2RwWXlCYWIyNWxDZz09LGN8NTYsc3BlbGwsNjE5OTksc3BlbGwsQ1RSTC1GLHw1NyM1LHw1OCM1LHw1OSM1LHw2MCM1LHw2MSxzcGVsbCwxMjQ5NjU4LHNwZWxsLFNISUZULTEsfDYyLHNwZWxsLDQzOTg0MyxzcGVsbCxTSElGVC0yLHw2MyxzcGVsbCwxOTY3NzAsc3BlbGwsU0hJRlQtMyx8NjQsc3BlbGwsNDY1ODUsc3BlbGwsU0hJRlQtNCx8NjUsc3BlbGwsNDk1NzYsc3BlbGwsU0hJRlQtUSx8NjYsbWFjcm8sNDMyNjUsNDMyNjUsU0hJRlQtRSwsUkdWaGRHZ2dZVzVrSUVSbFkyRjVJQ2hIY205MWJtUXAsSTNOb2IzZDBiMjlzZEdsd0lFUmxZWFJvSUdGdVpDQkVaV05oZVFvdlkyRnpkQ0JiUUdOMWNuTnZjbDBnUkdWaGRHZ2dZVzVrSUVSbFkyRjVDZz09LGN8NjcjNCxTSElGVC1SLHw2OCM0LFNISUZULUYsfDY5IzUsfDcwIzUsfDcxIzUsfDcyIzUsfDczIzUsfDc0IzUsfDc1IzUsfDc2IzUsfDc3IzUsfDc4IzUsfDc5IzUsfDgwIzUsfDgxIzUsfDgyIzUsfDgzIzUsfDg0IzUsfDg1IzUsfDg2IzUsfDg3IzUsfDg4IzUsfDg5IzUsfDkwIzUsfDkxIzUsfDkyIzUsfDkzIzUsfDk0IzUsfDk1IzUsfDk2IzUsfDk3IzUsfDk4IzUsfDk5IzUsfDEwMCM1LHwxMDEjNSx8MTAyIzUsfDEwMyM1LHwxMDQjNSx8MTA1IzUsfDEwNiM1LHwxMDcjNSx8MTA4IzUsfDEwOSM1LHwxMTAjNSx8MTExIzUsfDExMiM1LHwxMTMjNSx8MTE0IzUsfDExNSM1LHwxMTYjNSx8MTE3IzUsfDExOCM1LHwxMTkjNSx8MTIwIzUsfDEyMSxzcGVsbCwzNzI2MDgsc3BlbGwsLHwxMjIsc3BlbGwsMzcyNjEwLHNwZWxsLCx8MTIzLHNwZWxsLDM2MTU4NCxzcGVsbCwsfDEyNCxzcGVsbCw0MjU3ODIsc3BlbGwsLHwxMjUsc3BlbGwsNDAzMDkyLHNwZWxsLCx8MTI2IzUsfDEyNyM1LHwxMjgjNSx8MTI5IzUsfDEzMCM1LHwxMzEjNSx8MTMyIzUsfDEzMyM1LHwxMzQjNSx8MTM1IzUsfDEzNiM1LHwxMzcjNSx8MTM4IzUsfDEzOSM1LHwxNDAjNSx8MTQxIzUsfDE0MiM1LHwxNDMjNSx8MTQ0IzUsfDE0NSxtYWNybywxMjMxNDExLDEyMzE0MTEsLCxSVzVvWVc1alpWRnZURWhsWVd4MGFFMWhZM0p2LEkzTm9iM2QwYjI5c2RHbHdDaTlqWVhOMElGdHViMk52YldKaGRGMGdVbVZqZFhCbGNtRjBaUW92WTJGemRITmxjWFZsYm1ObElGdGpiMjFpWVhSZElISmxjMlYwUFdOdmJXSmhkQ0JwZEdWdE9qSXhNVGczT1E9PSxhfDE0NixtYWNybyw0IzQsUlc1b1lXNWpaVkZ2VEVSeWFXNXJUV0ZqY204PSxJM05vYjNkMGIyOXNkR2x3Q2c9PSxhfDE0NyxtYWNybywxNDYsaXRlbSwsLFJHRnRZV2RsSUZCdmRBPT0sSTNOb2IzZDBiMjlzZEdsd0NpOTFjMlVnYVhSbGJUb3lOREV6TURnPSxhfDE0OCxtYWNybywxMSM0LFVHeGhZMlZvYjJ4a1pYST0sVUd4aFkyVm9iMnhrWlhJZ2JXRmpjbThnWm05eUlHbDBaVzF6SUd4cGEyVWdibWwwY204Z1ltOXZjM1FnYjNJZ2MyeHZkeUJtWVd4c0lHTnNiMkZyTGc9PSxhfDE0OSxtYWNybywxNDgsaXRlbSwsLFZISnBibXRsZENBeCxJM05vYjNkMGIyOXNkR2x3Q2k5MWMyVWdXMEJqZFhKemIzSmRNVE1LLGF8MTUwLHNwZWxsLDU5NTQ1LHNwZWxsLCx8MTUxIzUsfDE1MiM1LHwxNTMjNSx8MTU0IzUsfDE1NSM1LHwxNTYjNSx8MTU3IzUsfDE1OCM1LHwxNTkjNSx8MTYwIzUsfDE2MSM1LHwxNjIjNSx8MTYzIzUsfDE2NCM1LHwxNjUjNSx8MTY2IzUsfDE2NyM1LHwxNjgjNSx8MTY5IzUsfDE3MCM1LHwxNzEjNSx8MTcyIzUsfDE3MyM1LHwxNzQjNSx8MTc1IzUsfDE3NiM1LHwxNzcjNSx8MTc4IzUsfDE3OSM1LHwxODAjNSw= | C3: MCxfaGVhZGVyLGRlYXRoa25pZ2h0LDI1MSwsfDEsc3BlbGwsNDkwMjAsc3BlbGwsMSx8MixzcGVsbCw0OTE0MyxzcGVsbCwyLHwzLHNwZWxsLDQ5MTg0LHNwZWxsLDMsfDQsc3BlbGwsMjA3MjMwLHNwZWxsLDQsfDUsc3BlbGwsNTEyNzEsc3BlbGwsUSx8NixzcGVsbCwxOTQ5MTMsc3BlbGwsRSx8NyxzcGVsbCw0NzU2OCxzcGVsbCxSLHw4LHNwZWxsLDI3OTMwMixzcGVsbCxGLHw5IzUsfDEwIzUsfDExIzUsfDEyIzUsfDEzIzUsfDE0IzUsfDE1IzUsfDE2IzUsfDE3IzUsfDE4IzUsfDE5IzUsfDIwIzUsfDIxIzUsfDIyIzUsfDIzIzUsfDI0IzUsfDI1IzQsU0hJRlQtWix8MjYsc3BlbGwsMjEyNTUyLHNwZWxsLFNISUZULVgsfDI3LHNwZWxsLDIwNzE2NyxzcGVsbCxTSElGVC1DLHwyOCxzcGVsbCw0NTUyNCxzcGVsbCxTSElGVC1WLHwyOSxzcGVsbCw0ODc5MixzcGVsbCxaLHwzMCxzcGVsbCw0ODI2NSxzcGVsbCxYLHwzMSxzcGVsbCwyMjE1NjIsc3BlbGwsQyx8MzIsc3BlbGwsNDc1Mjgsc3BlbGwsVix8MzMjNSx8MzQjNSx8MzUjNSx8MzYjNSx8Mzcsc3BlbGwsNzc2MDYsc3BlbGwsQUxULVosQ1RSTC1CVVRUT041fDM4IzQsQUxULVgsQ1RSTC1CVVRUT040fDM5IzQsQUxULUMsQUxULUJVVFRPTjV8NDAsc3VtbW9ubW91bnQsNzIyODYsLEFMVC1WLEFMVC1CVVRUT040fDQxIzQsQ1RSTC1aLFNISUZULUJVVFRPTjV8NDIjNCxDVFJMLVgsU0hJRlQtQlVUVE9ONHw0MyxzcGVsbCw0ODcwNyxzcGVsbCxDVFJMLUMsQlVUVE9ONXw0NCxzcGVsbCw1NjIyMixzcGVsbCxCVVRUT040LENUUkwtVnw0NSM1LHw0NiM1LHw0NyM1LHw0OCM1LHw0OSxzcGVsbCw0OTk5OCxzcGVsbCxDVFJMLTEsfDUwLHNwZWxsLDQ5MDM5LHNwZWxsLENUUkwtMix8NTEsc3BlbGwsNDc1NDEsc3BlbGwsQ1RSTC0zLHw1MixzcGVsbCw0ODc0MyxzcGVsbCxDVFJMLTQsfDUzLHNwZWxsLDExMTY3MyxzcGVsbCxDVFJMLVEsfDU0LHNwZWxsLDM3MTQsc3BlbGwsQ1RSTC1FLHw1NSxtYWNybyw1MTA1Miw1MTA1MixDVFJMLVIsLFFXNTBhUzFOWVdkcFl5QmFiMjVsSUNoSGNtOTFibVFwLEkzTm9iM2QwYjI5c2RHbHdJRUZ1ZEdrdFRXRm5hV01nV205dVpRb3ZZMkZ6ZENCYlFHTjFjbk52Y2wwZ1FXNTBhUzFOWVdkcFl5QmFiMjVsQ2c9PSxjfDU2LHNwZWxsLDYxOTk5LHNwZWxsLENUUkwtRix8NTcjNSx8NTgjNSx8NTkjNSx8NjAjNSx8NjEsc3BlbGwsMTI0OTY1OCxzcGVsbCxTSElGVC0xLHw2MixzcGVsbCw0Mzk4NDMsc3BlbGwsU0hJRlQtMix8NjMsc3BlbGwsMTk2NzcwLHNwZWxsLFNISUZULTMsfDY0LHNwZWxsLDQ2NTg1LHNwZWxsLFNISUZULTQsfDY1LHNwZWxsLDQ5NTc2LHNwZWxsLFNISUZULVEsfDY2LG1hY3JvLDQzMjY1LDQzMjY1LFNISUZULUUsLFJHVmhkR2dnWVc1a0lFUmxZMkY1SUNoSGNtOTFibVFwLEkzTm9iM2QwYjI5c2RHbHdJRVJsWVhSb0lHRnVaQ0JFWldOaGVRb3ZZMkZ6ZENCYlFHTjFjbk52Y2wwZ1JHVmhkR2dnWVc1a0lFUmxZMkY1Q2c9PSxjfDY3IzQsU0hJRlQtUix8NjgjNCxTSElGVC1GLHw2OSM1LHw3MCM1LHw3MSM1LHw3MiM1LHw3MyM1LHw3NCM1LHw3NSM1LHw3NiM1LHw3NyM1LHw3OCM1LHw3OSM1LHw4MCM1LHw4MSM1LHw4MiM1LHw4MyM1LHw4NCM1LHw4NSM1LHw4NiM1LHw4NyM1LHw4OCM1LHw4OSM1LHw5MCM1LHw5MSM1LHw5MiM1LHw5MyM1LHw5NCM1LHw5NSM1LHw5NiM1LHw5NyM1LHw5OCM1LHw5OSM1LHwxMDAjNSx8MTAxIzUsfDEwMiM1LHwxMDMjNSx8MTA0IzUsfDEwNSM1LHwxMDYjNSx8MTA3IzUsfDEwOCM1LHwxMDkjNSx8MTEwIzUsfDExMSM1LHwxMTIjNSx8MTEzIzUsfDExNCM1LHwxMTUjNSx8MTE2IzUsfDExNyM1LHwxMTgjNSx8MTE5IzUsfDEyMCM1LHwxMjEsc3BlbGwsMzcyNjA4LHNwZWxsLCx8MTIyLHNwZWxsLDM3MjYxMCxzcGVsbCwsfDEyMyxzcGVsbCwzNjE1ODQsc3BlbGwsLHwxMjQsc3BlbGwsNDI1NzgyLHNwZWxsLCx8MTI1LHNwZWxsLDQwMzA5MixzcGVsbCwsfDEyNiM1LHwxMjcjNSx8MTI4IzUsfDEyOSM1LHwxMzAjNSx8MTMxIzUsfDEzMiM1LHwxMzMjNSx8MTM0IzUsfDEzNSM1LHwxMzYjNSx8MTM3IzUsfDEzOCM1LHwxMzkjNSx8MTQwIzUsfDE0MSM1LHwxNDIjNSx8MTQzIzUsfDE0NCM1LHwxNDUsbWFjcm8sMTIzMTQxMSwxMjMxNDExLCwsUlc1b1lXNWpaVkZ2VEVobFlXeDBhRTFoWTNKdixJM05vYjNkMGIyOXNkR2x3Q2k5allYTjBJRnR1YjJOdmJXSmhkRjBnVW1WamRYQmxjbUYwWlFvdlkyRnpkSE5sY1hWbGJtTmxJRnRqYjIxaVlYUmRJSEpsYzJWMFBXTnZiV0poZENCcGRHVnRPakl4TVRnM09RPT0sYXwxNDYsbWFjcm8sMTQ1LGl0ZW0sLCxSVzVvWVc1alpWRnZURVJ5YVc1clRXRmpjbTg9LEkzTm9iM2QwYjI5c2RHbHdDaTlqWVhOMGMyVnhkV1Z1WTJVZ2NtVnpaWFE5WTI5dFltRjBJR2wwWlcwNk1UY3lNRFl6Q2c9PSxhfDE0NyxtYWNybywxNDYsaXRlbSwsLFJHRnRZV2RsSUZCdmRBPT0sSTNOb2IzZDBiMjlzZEdsd0NpOTFjMlVnYVhSbGJUb3lOREV6TURnSyxhfDE0OCxtYWNybywxMSM0LFVHeGhZMlZvYjJ4a1pYST0sVUd4aFkyVm9iMnhrWlhJZ2JXRmpjbThnWm05eUlHbDBaVzF6SUd4cGEyVWdibWwwY204Z1ltOXZjM1FnYjNJZ2MyeHZkeUJtWVd4c0lHTnNiMkZyTGdvPSxhfDE0OSxtYWNybywxNDgsaXRlbSwsLFZISnBibXRsZENBeCxJM05vYjNkMGIyOXNkR2x3Q2k5MWMyVWdXMEJqZFhKemIzSmRNVE1LLGF8MTUwLHNwZWxsLDU5NTQ1LHNwZWxsLCx8MTUxIzUsfDE1MiM1LHwxNTMjNSx8MTU0IzUsfDE1NSM1LHwxNTYjNSx8MTU3IzUsfDE1OCM1LHwxNTkjNSx8MTYwIzUsfDE2MSM1LHwxNjIjNSx8MTYzIzUsfDE2NCM1LHwxNjUjNSx8MTY2IzUsfDE2NyM1LHwxNjgjNSx8MTY5IzUsfDE3MCM1LHwxNzEjNSx8MTcyIzUsfDE3MyM1LHwxNzQjNSx8MTc1IzUsfDE3NiM1LHwxNzcjNSx8MTc4IzUsfDE3OSM1LHwxODAjNSx8MTgxIzQsNSx8MTgyIzQsYCx8MTgzIzQsRjEsfDE4NCM0LEYyLHwxODUjNCxGMyx8MTg2IzQsRjQsfDE4NyM1LHwxODgjNSx8MTg5IzUsfDE5MCM1LHwxOTEjNSx8MTkyIzUs
A4: Unholy | B4: MSxzcGVsbCw1NTA5MCxzcGVsbCwxLHwyLHNwZWxsLDg1OTQ4LHNwZWxsLDIsfDMsc3BlbGwsNDc1NDEsc3BlbGwsMyx8NCxzcGVsbCw0MzI2NSxzcGVsbCw0LHw1LHNwZWxsLDEyMzM0NDgsc3BlbGwsUSx8NixzcGVsbCwyMDczMTcsc3BlbGwsRSx8NyxzcGVsbCw3NzU3NSxzcGVsbCxSLHw4LHNwZWxsLDEyNDczNzgsc3BlbGwsRix8OSM1LHwxMCM1LHwxMSM1LHwxMiM1LHwxMyM1LHwxNCM1LHwxNSM1LHwxNiM1LHwxNyM1LHwxOCM1LHwxOSM1LHwyMCM1LHwyMSM1LHwyMiM1LHwyMyM1LHwyNCM1LHwyNSM0LFNISUZULVosfDI2LHNwZWxsLDIxMjU1MixzcGVsbCxTSElGVC1YLHwyNyxzcGVsbCwyMDcxNjcsc3BlbGwsU0hJRlQtQyx8Mjgsc3BlbGwsNDU1MjQsc3BlbGwsU0hJRlQtVix8Mjksc3BlbGwsNDg3OTIsc3BlbGwsWix8MzAsc3BlbGwsNDQ0MzQ3LHNwZWxsLFgsfDMxLHNwZWxsLDIyMTU2MixzcGVsbCxDLHwzMixzcGVsbCw0NzUyOCxzcGVsbCxWLHwzMyM1LHwzNCM1LHwzNSM1LHwzNiM1LHwzNyxzcGVsbCw3NzYwNixzcGVsbCxBTFQtWix8Mzgsc3BlbGwsMjEwMTI4LHNwZWxsLEFMVC1YLENUUkwtQlVUVE9ONHwzOSM0LEFMVC1DLEFMVC1CVVRUT041fDQwLHN1bW1vbm1vdW50LDcyMjg2LCxBTFQtVixBTFQtQlVUVE9ONHw0MSM0LENUUkwtWixTSElGVC1CVVRUT041fDQyIzQsQ1RSTC1YLFNISUZULUJVVFRPTjR8NDMsc3BlbGwsNDg3MDcsc3BlbGwsQ1RSTC1DLEJVVFRPTjV8NDQsc3BlbGwsNTYyMjIsc3BlbGwsQlVUVE9ONCxDVFJMLVZ8NDUjNSx8NDYjNSx8NDcjNSx8NDgjNSx8NDksc3BlbGwsNDk5OTgsc3BlbGwsQ1RSTC0xLHw1MCxzcGVsbCw0OTAzOSxzcGVsbCxDVFJMLTIsfDUxIzQsQ1RSTC0zLHw1MixzcGVsbCw0ODc0MyxzcGVsbCxDVFJMLTQsfDUzLHNwZWxsLDExMTY3MyxzcGVsbCxDVFJMLVEsfDU0LHNwZWxsLDM3MTQsc3BlbGwsQ1RSTC1FLHw1NSM0LENUUkwtUix8NTYsc3BlbGwsNjE5OTksc3BlbGwsQ1RSTC1GLHw1NyM1LHw1OCM1LHw1OSM1LHw2MCM1LHw2MSxzcGVsbCw0MjY1MCxzcGVsbCxTSElGVC0xLHw2MixzcGVsbCwzNDMyOTQsc3BlbGwsU0hJRlQtMix8NjMjNCxTSElGVC0zLHw2NCxzcGVsbCw0NjU4NCxzcGVsbCxTSElGVC00LHw2NSxzcGVsbCw0OTU3NixzcGVsbCxTSElGVC1RLHw2NiM0LFNISUZULUUsfDY3LHNwZWxsLDUxMDUyLHNwZWxsLFNISUZULVIsfDY4IzQsU0hJRlQtRix8NjkjNSx8NzAjNSx8NzEjNSx8NzIjNSx8NzMjNSx8NzQjNSx8NzUjNSx8NzYjNSx8NzcjNSx8NzgjNSx8NzkjNSx8ODAjNSx8ODEjNSx8ODIjNSx8ODMjNSx8ODQjNSx8ODUjNSx8ODYjNSx8ODcjNSx8ODgjNSx8ODkjNSx8OTAjNSx8OTEjNSx8OTIjNSx8OTMjNSx8OTQjNSx8OTUjNSx8OTYjNSx8OTcjNSx8OTgjNSx8OTkjNSx8MTAwIzUsfDEwMSM1LHwxMDIjNSx8MTAzIzUsfDEwNCM1LHwxMDUjNSx8MTA2IzUsfDEwNyM1LHwxMDgjNSx8MTA5IzUsfDExMCM1LHwxMTEjNSx8MTEyIzUsfDExMyM1LHwxMTQjNSx8MTE1IzUsfDExNiM1LHwxMTcjNSx8MTE4IzUsfDExOSM1LHwxMjAjNSx8MTIxLHNwZWxsLDM3MjYwOCxzcGVsbCwsfDEyMixzcGVsbCwzNzI2MTAsc3BlbGwsLHwxMjMsc3BlbGwsMzYxNTg0LHNwZWxsLCx8MTI0LHNwZWxsLDQwMzA5MixzcGVsbCwsfDEyNSxzcGVsbCw0MjU3ODIsc3BlbGwsLHwxMjYjNSx8MTI3IzUsfDEyOCM1LHwxMjkjNSx8MTMwIzUsfDEzMSM1LHwxMzIjNSx8MTMzIzUsfDEzNCM1LHwxMzUjNSx8MTM2IzUsfDEzNyM1LHwxMzgjNSx8MTM5IzUsfDE0MCM1LHwxNDEjNSx8MTQyIzUsfDE0MyM1LHwxNDQjNSx8MTQ1LG1hY3JvLDQjNCxSVzVvWVc1alpWRnZURVJ5YVc1clRXRmpjbTg9LEkzTm9iM2QwYjI5c2RHbHdDZz09LGF8MTQ2LG1hY3JvLDQjNCxSVzVvWVc1alpWRnZURVJ5YVc1clRXRmpjbTg9LEkzTm9iM2QwYjI5c2RHbHdDZz09LGF8MTQ3LG1hY3JvLDE0NixpdGVtLCwsUkdGdFlXZGxJRkJ2ZEE9PSxJM05vYjNkMGIyOXNkR2x3Q2k5MWMyVWdhWFJsYlRveU5ERXpNRGc9LGF8MTQ4LG1hY3JvLDExIzQsVUd4aFkyVm9iMnhrWlhJPSxVR3hoWTJWb2IyeGtaWElnYldGamNtOGdabTl5SUdsMFpXMXpJR3hwYTJVZ2JtbDBjbThnWW05dmMzUWdiM0lnYzJ4dmR5Qm1ZV3hzSUdOc2IyRnJMZz09LGF8MTQ5LG1hY3JvLDE0OCxpdGVtLCwsVkhKcGJtdGxkQ0F4LEkzTm9iM2QwYjI5c2RHbHdDaTkxYzJVZ1cwQmpkWEp6YjNKZE1UTUssYXwxNTAsc3BlbGwsNTk1NDUsc3BlbGwsLHwxNTEjNSx8MTUyIzUsfDE1MyM1LHwxNTQjNSx8MTU1IzUsfDE1NiM1LHwxNTcjNSx8MTU4IzUsfDE1OSM1LHwxNjAjNSx8MTYxIzUsfDE2MiM1LHwxNjMjNSx8MTY0IzUsfDE2NSM1LHwxNjYjNSx8MTY3IzUsfDE2OCM1LHwxNjkjNSx8MTcwIzUsfDE3MSM1LHwxNzIjNSx8MTczIzUsfDE3NCM1LHwxNzUjNSx8MTc2IzUsfDE3NyM1LHwxNzgjNSx8MTc5IzUsfDE4MCM1LA== | C4: MCxfaGVhZGVyLGRlYXRoa25pZ2h0LDI1MiwsfDEsc3BlbGwsNTUwOTAsc3BlbGwsMSx8MixzcGVsbCw4NTk0OCxzcGVsbCwyLHwzLHNwZWxsLDQ3NTQxLHNwZWxsLDMsfDQsc3BlbGwsNDMyNjUsc3BlbGwsNCx8NSxzcGVsbCwxMjMzNDQ4LHNwZWxsLFEsfDYsc3BlbGwsMjA3MzE3LHNwZWxsLEUsfDcsc3BlbGwsNzc1NzUsc3BlbGwsUix8OCxzcGVsbCwxMjQ3Mzc4LHNwZWxsLEYsfDkjNSx8MTAjNSx8MTEjNSx8MTIjNSx8MTMjNSx8MTQjNSx8MTUjNSx8MTYjNSx8MTcjNSx8MTgjNSx8MTkjNSx8MjAjNSx8MjEjNSx8MjIjNSx8MjMjNSx8MjQjNSx8MjUjNCxTSElGVC1aLHwyNixzcGVsbCwyMTI1NTIsc3BlbGwsU0hJRlQtWCx8Mjcsc3BlbGwsMjA3MTY3LHNwZWxsLFNISUZULUMsfDI4LHNwZWxsLDQ1NTI0LHNwZWxsLFNISUZULVYsfDI5LHNwZWxsLDQ4NzkyLHNwZWxsLFosfDMwLHNwZWxsLDQ0NDM0NyxzcGVsbCxYLHwzMSxzcGVsbCwyMjE1NjIsc3BlbGwsQyx8MzIsc3BlbGwsNDc1Mjgsc3BlbGwsVix8MzMjNSx8MzQjNSx8MzUjNSx8MzYjNSx8Mzcsc3BlbGwsNzc2MDYsc3BlbGwsQUxULVosQ1RSTC1CVVRUT041fDM4LHNwZWxsLDIxMDEyOCxzcGVsbCxBTFQtWCxDVFJMLUJVVFRPTjR8MzkjNCxBTFQtQyxBTFQtQlVUVE9ONXw0MCxzdW1tb25tb3VudCw3MjI4NiwsQUxULVYsQUxULUJVVFRPTjR8NDEjNCxDVFJMLVosU0hJRlQtQlVUVE9ONXw0MiM0LENUUkwtWCxTSElGVC1CVVRUT040fDQzLHNwZWxsLDQ4NzA3LHNwZWxsLENUUkwtQyxCVVRUT041fDQ0LHNwZWxsLDU2MjIyLHNwZWxsLEJVVFRPTjQsQ1RSTC1WfDQ1IzUsfDQ2IzUsfDQ3IzUsfDQ4IzUsfDQ5LHNwZWxsLDQ5OTk4LHNwZWxsLENUUkwtMSx8NTAsc3BlbGwsNDkwMzksc3BlbGwsQ1RSTC0yLHw1MSM0LENUUkwtMyx8NTIsc3BlbGwsNDg3NDMsc3BlbGwsQ1RSTC00LHw1MyxzcGVsbCwxMTE2NzMsc3BlbGwsQ1RSTC1RLHw1NCxzcGVsbCwzNzE0LHNwZWxsLENUUkwtRSx8NTUjNCxDVFJMLVIsfDU2LHNwZWxsLDYxOTk5LHNwZWxsLENUUkwtRix8NTcjNSx8NTgjNSx8NTkjNSx8NjAjNSx8NjEsc3BlbGwsNDI2NTAsc3BlbGwsU0hJRlQtMSx8NjIsc3BlbGwsMzQzMjk0LHNwZWxsLFNISUZULTIsfDYzIzQsU0hJRlQtMyx8NjQsc3BlbGwsNDY1ODQsc3BlbGwsU0hJRlQtNCx8NjUsc3BlbGwsNDk1NzYsc3BlbGwsU0hJRlQtUSx8NjYjNCxTSElGVC1FLHw2NyxzcGVsbCw1MTA1MixzcGVsbCxTSElGVC1SLHw2OCM0LFNISUZULUYsfDY5IzUsfDcwIzUsfDcxIzUsfDcyIzUsfDczIzUsfDc0IzUsfDc1IzUsfDc2IzUsfDc3IzUsfDc4IzUsfDc5IzUsfDgwIzUsfDgxIzUsfDgyIzUsfDgzIzUsfDg0IzUsfDg1IzUsfDg2IzUsfDg3IzUsfDg4IzUsfDg5IzUsfDkwIzUsfDkxIzUsfDkyIzUsfDkzIzUsfDk0IzUsfDk1IzUsfDk2IzUsfDk3IzUsfDk4IzUsfDk5IzUsfDEwMCM1LHwxMDEjNSx8MTAyIzUsfDEwMyM1LHwxMDQjNSx8MTA1IzUsfDEwNiM1LHwxMDcjNSx8MTA4IzUsfDEwOSM1LHwxMTAjNSx8MTExIzUsfDExMiM1LHwxMTMjNSx8MTE0IzUsfDExNSM1LHwxMTYjNSx8MTE3IzUsfDExOCM1LHwxMTkjNSx8MTIwIzUsfDEyMSxzcGVsbCwzNzI2MDgsc3BlbGwsLHwxMjIsc3BlbGwsMzcyNjEwLHNwZWxsLCx8MTIzLHNwZWxsLDM2MTU4NCxzcGVsbCwsfDEyNCxzcGVsbCw0MDMwOTIsc3BlbGwsLHwxMjUsc3BlbGwsNDI1NzgyLHNwZWxsLCx8MTI2IzUsfDEyNyM1LHwxMjgjNSx8MTI5IzUsfDEzMCM1LHwxMzEjNSx8MTMyIzUsfDEzMyM1LHwxMzQjNSx8MTM1IzUsfDEzNiM1LHwxMzcjNSx8MTM4IzUsfDEzOSM1LHwxNDAjNSx8MTQxIzUsfDE0MiM1LHwxNDMjNSx8MTQ0IzUsfDE0NSxtYWNybywxNDQsaXRlbSwsLFJXNW9ZVzVqWlZGdlRFUnlhVzVyVFdGamNtOD0sSTNOb2IzZDBiMjlzZEdsd0NpOWpZWE4wYzJWeGRXVnVZMlVnY21WelpYUTlZMjl0WW1GMElHbDBaVzA2TVRjeU1EWXpDZz09LGF8MTQ2LG1hY3JvLDE0NSxpdGVtLCwsUlc1b1lXNWpaVkZ2VEVSeWFXNXJUV0ZqY204PSxJM05vYjNkMGIyOXNkR2x3Q2k5allYTjBjMlZ4ZFdWdVkyVWdjbVZ6WlhROVkyOXRZbUYwSUdsMFpXMDZNVGN5TURZekNnPT0sYXwxNDcsbWFjcm8sMTQ2LGl0ZW0sLCxSR0Z0WVdkbElGQnZkQT09LEkzTm9iM2QwYjI5c2RHbHdDaTkxYzJVZ2FYUmxiVG95TkRFek1EZ0ssYXwxNDgsbWFjcm8sMTEjNCxVR3hoWTJWb2IyeGtaWEk9LFVHeGhZMlZvYjJ4a1pYSWdiV0ZqY204Z1ptOXlJR2wwWlcxeklHeHBhMlVnYm1sMGNtOGdZbTl2YzNRZ2IzSWdjMnh2ZHlCbVlXeHNJR05zYjJGckxnbz0sYXwxNDksbWFjcm8sMTQ4LGl0ZW0sLCxWSEpwYm10bGRDQXgsSTNOb2IzZDBiMjlzZEdsd0NpOTFjMlVnVzBCamRYSnpiM0pkTVRNSyxhfDE1MCxzcGVsbCw1OTU0NSxzcGVsbCwsfDE1MSM1LHwxNTIjNSx8MTUzIzUsfDE1NCM1LHwxNTUjNSx8MTU2IzUsfDE1NyM1LHwxNTgjNSx8MTU5IzUsfDE2MCM1LHwxNjEjNSx8MTYyIzUsfDE2MyM1LHwxNjQjNSx8MTY1IzUsfDE2NiM1LHwxNjcjNSx8MTY4IzUsfDE2OSM1LHwxNzAjNSx8MTcxIzUsfDE3MiM1LHwxNzMjNSx8MTc0IzUsfDE3NSM1LHwxNzYjNSx8MTc3IzUsfDE3OCM1LHwxNzkjNSx8MTgwIzUsfDE4MSM0LDUsfDE4MiM0LGAsfDE4MyM0LEYxLHwxODQjNCxGMix8MTg1IzQsRjMsfDE4NiM0LEY0LHwxODcjNSx8MTg4IzUsfDE4OSM1LHwxOTAjNSx8MTkxIzUsfDE5MiM1LA==
A5: Devourer | B5: MSxzcGVsbCw0NzM2NjIsc3BlbGwsMSx8MixzcGVsbCwxMjI2MDE5LHNwZWxsLDIsfDMsc3BlbGwsNDczNzI4LHNwZWxsLDMsfDQsc3BlbGwsMTI0NjU1NixzcGVsbCw0LHw1LHNwZWxsLDEyMTc2MDUsc3BlbGwsUSx8NixzcGVsbCwxMjQ2MTY3LHNwZWxsLEUsfDcsc3BlbGwsMTI0NTQxMixzcGVsbCxSLHw4LHNwZWxsLDE5ODc5MyxzcGVsbCxGLHw5IzUsfDEwIzUsfDExIzUsfDEyIzUsfDEzIzUsfDE0IzUsfDE1IzUsfDE2IzUsfDE3IzUsfDE4IzUsfDE5IzUsfDIwIzUsfDIxIzUsfDIyIzUsfDIzIzUsfDI0IzUsfDI1IzQsU0hJRlQtWix8MjYjNCxTSElGVC1YLHwyNyxzcGVsbCwyMDc2ODQsc3BlbGwsU0hJRlQtQyx8MjgjNCxTSElGVC1WLHwyOSxzcGVsbCwxOTg1ODksc3BlbGwsWix8MzAsc3BlbGwsMTIzNDc5NixzcGVsbCxYLHwzMSxzcGVsbCwxMjM0MTk1LHNwZWxsLEMsfDMyLHNwZWxsLDE4Mzc1MixzcGVsbCxWLHwzMyM1LHwzNCM1LHwzNSM1LHwzNiM1LHwzNyM0LEFMVC1aLHwzOCM0LEFMVC1YLENUUkwtQlVUVE9ONHwzOSM0LEFMVC1DLEFMVC1CVVRUT041fDQwIzQsQUxULVYsQUxULUJVVFRPTjR8NDEjNCxDVFJMLVosU0hJRlQtQlVUVE9ONXw0MiM0LENUUkwtWCxTSElGVC1CVVRUT040fDQzIzQsQ1RSTC1DLEJVVFRPTjV8NDQsc3BlbGwsMTg1MjQ1LHNwZWxsLEJVVFRPTjQsQ1RSTC1WfDQ1IzUsfDQ2IzUsfDQ3IzUsfDQ4IzUsfDQ5IzQsQ1RSTC0xLHw1MCM0LENUUkwtMix8NTEjNCxDVFJMLTMsfDUyIzQsQ1RSTC00LHw1MyxzcGVsbCwyNzgzMjYsc3BlbGwsQ1RSTC1RLHw1NCxzcGVsbCwyMTc4MzIsc3BlbGwsQ1RSTC1FLHw1NSxzcGVsbCwxOTY3MTgsc3BlbGwsQ1RSTC1SLHw1NiM0LENUUkwtRix8NTcjNSx8NTgjNSx8NTkjNSx8NjAjNSx8NjEjNCxTSElGVC0xLHw2MiM0LFNISUZULTIsfDYzIzQsU0hJRlQtMyx8NjQjNCxTSElGVC00LHw2NSM0LFNISUZULVEsfDY2IzQsU0hJRlQtRSx8Njcsc3BlbGwsMTg1MTIzLHNwZWxsLFNISUZULVIsfDY4LHNwZWxsLDEyNTE0MTcsc3BlbGwsU0hJRlQtRix8NjkjNSx8NzAjNSx8NzEjNSx8NzIjNSx8NzMjNSx8NzQjNSx8NzUjNSx8NzYjNSx8NzcjNSx8NzgjNSx8NzkjNSx8ODAjNSx8ODEjNSx8ODIjNSx8ODMjNSx8ODQjNSx8ODUjNSx8ODYjNSx8ODcjNSx8ODgjNSx8ODkjNSx8OTAjNSx8OTEjNSx8OTIjNSx8OTMjNSx8OTQjNSx8OTUjNSx8OTYjNSx8OTcjNSx8OTgjNSx8OTkjNSx8MTAwIzUsfDEwMSM1LHwxMDIjNSx8MTAzIzUsfDEwNCM1LHwxMDUjNSx8MTA2IzUsfDEwNyM1LHwxMDgjNSx8MTA5IzUsfDExMCM1LHwxMTEjNSx8MTEyIzUsfDExMyM1LHwxMTQjNSx8MTE1IzUsfDExNiM1LHwxMTcjNSx8MTE4IzUsfDExOSM1LHwxMjAjNSx8MTIxLHNwZWxsLDM3MjYwOCxzcGVsbCwsfDEyMixzcGVsbCwzNzI2MTAsc3BlbGwsLHwxMjMsc3BlbGwsMzYxNTg0LHNwZWxsLCx8MTI0IzUsfDEyNSxzcGVsbCw0MDMwOTIsc3BlbGwsLHwxMjYsc3BlbGwsNDI1NzgyLHNwZWxsLCx8MTI3IzUsfDEyOCM1LHwxMjkjNSx8MTMwIzUsfDEzMSM1LHwxMzIjNSx8MTMzIzUsfDEzNCM1LHwxMzUjNSx8MTM2IzUsfDEzNyM1LHwxMzgjNSx8MTM5IzUsfDE0MCM1LHwxNDEjNSx8MTQyIzUsfDE0MyM1LHwxNDQjNSx8MTQ1LG1hY3JvLDEyMzE0MTEsMTIzMTQxMSwsLFJXNW9ZVzVqWlZGdlRFaGxZV3gwYUUxaFkzSnYsSTNOb2IzZDBiMjlzZEdsd0NpOWpZWE4wSUZ0dWIyTnZiV0poZEYwZ1VtVmpkWEJsY21GMFpRb3ZZMkZ6ZEhObGNYVmxibU5sSUZ0amIyMWlZWFJkSUhKbGMyVjBQV052YldKaGRDQnBkR1Z0T2pJME5EZ3pPQT09LGF8MTQ2LG1hY3JvLDQjNCxSVzVvWVc1alpWRnZURVJ5YVc1clRXRmpjbTg9LEkzTm9iM2QwYjI5c2RHbHdDZz09LGF8MTQ3LG1hY3JvLDE0NixpdGVtLCwsUkdGdFlXZGxJRkJ2ZEE9PSxJM05vYjNkMGIyOXNkR2x3Q2k5MWMyVWdhWFJsYlRveU5ERXpNRGdLLGF8MTQ4LG1hY3JvLDExIzQsVUd4aFkyVm9iMnhrWlhJPSxVR3hoWTJWb2IyeGtaWElnYldGamNtOGdabTl5SUdsMFpXMXpJR3hwYTJVZ2JtbDBjbThnWW05dmMzUWdiM0lnYzJ4dmR5Qm1ZV3hzSUdOc2IyRnJMZ289LGF8MTQ5LG1hY3JvLDE0OCxpdGVtLCwsVkhKcGJtdGxkQ0F4LEkzTm9iM2QwYjI5c2RHbHdDaTkxYzJVZ1cwQmpkWEp6YjNKZE1UTUssYXwxNTAsc3BlbGwsNTg5ODQsc3BlbGwsLHwxNTEjNSx8MTUyIzUsfDE1MyM1LHwxNTQjNSx8MTU1IzUsfDE1NiM1LHwxNTcjNSx8MTU4IzUsfDE1OSM1LHwxNjAjNSx8MTYxIzUsfDE2MiM1LHwxNjMjNSx8MTY0IzUsfDE2NSM1LHwxNjYjNSx8MTY3IzUsfDE2OCM1LHwxNjkjNSx8MTcwIzUsfDE3MSM1LHwxNzIjNSx8MTczIzUsfDE3NCxtYWNybywwLCwsfDE3NSM1LHwxNzYjNSx8MTc3IzUsfDE3OCM1LHwxNzkjNSx8MTgwIzUs | C5: MCxfaGVhZGVyLGRlbW9uaHVudGVyLDE0ODAsLHwxLHNwZWxsLDQ3MzY2MixzcGVsbCwxLHwyLHNwZWxsLDEyMjYwMTksc3BlbGwsMix8MyxzcGVsbCw0NzM3Mjgsc3BlbGwsMyx8NCxzcGVsbCwxMjQ2NTU2LHNwZWxsLDQsfDUsc3BlbGwsMTIxNzYwNSxzcGVsbCxRLHw2LHNwZWxsLDEyNDYxNjcsc3BlbGwsRSx8NyxzcGVsbCwxMjQ1NDEyLHNwZWxsLFIsfDgsc3BlbGwsMTk4NzkzLHNwZWxsLEYsfDkjNSx8MTAjNSx8MTEjNSx8MTIjNSx8MTMjNSx8MTQjNSx8MTUjNSx8MTYjNSx8MTcjNSx8MTgjNSx8MTkjNSx8MjAjNSx8MjEjNSx8MjIjNSx8MjMjNSx8MjQjNSx8MjUjNCxTSElGVC1aLHwyNiM0LFNISUZULVgsfDI3LHNwZWxsLDIwNzY4NCxzcGVsbCxTSElGVC1DLHwyOCM0LFNISUZULVYsfDI5LHNwZWxsLDE5ODU4OSxzcGVsbCxaLHwzMCxzcGVsbCwxMjM0Nzk2LHNwZWxsLFgsfDMxLHNwZWxsLDEyMzQxOTUsc3BlbGwsQyx8MzIsc3BlbGwsMTgzNzUyLHNwZWxsLFYsfDMzIzUsfDM0IzUsfDM1IzUsfDM2IzUsfDM3IzQsQUxULVosQ1RSTC1CVVRUT041fDM4IzQsQUxULVgsQ1RSTC1CVVRUT040fDM5IzQsQUxULUMsQUxULUJVVFRPTjV8NDAsc3VtbW9ubW91bnQsMTIzNDMwMywsQUxULVYsQUxULUJVVFRPTjR8NDEjNCxDVFJMLVosU0hJRlQtQlVUVE9ONXw0MiM0LENUUkwtWCxTSElGVC1CVVRUT040fDQzIzQsQ1RSTC1DLEJVVFRPTjV8NDQsc3BlbGwsMTg1MjQ1LHNwZWxsLEJVVFRPTjQsQ1RSTC1WfDQ1IzUsfDQ2IzUsfDQ3IzUsfDQ4IzUsfDQ5IzQsQ1RSTC0xLHw1MCM0LENUUkwtMix8NTEjNCxDVFJMLTMsfDUyIzQsQ1RSTC00LHw1MyxzcGVsbCwyNzgzMjYsc3BlbGwsQ1RSTC1RLHw1NCxzcGVsbCwyMTc4MzIsc3BlbGwsQ1RSTC1FLHw1NSxzcGVsbCwxOTY3MTgsc3BlbGwsQ1RSTC1SLHw1NiM0LENUUkwtRix8NTcjNSx8NTgjNSx8NTkjNSx8NjAjNSx8NjEjNCxTSElGVC0xLHw2MiM0LFNISUZULTIsfDYzIzQsU0hJRlQtMyx8NjQjNCxTSElGVC00LHw2NSM0LFNISUZULVEsfDY2IzQsU0hJRlQtRSx8Njcsc3BlbGwsMTg1MTIzLHNwZWxsLFNISUZULVIsfDY4LHNwZWxsLDEyNTE0MTcsc3BlbGwsU0hJRlQtRix8NjkjNSx8NzAjNSx8NzEjNSx8NzIjNSx8NzMjNSx8NzQjNSx8NzUjNSx8NzYjNSx8NzcjNSx8NzgjNSx8NzkjNSx8ODAjNSx8ODEjNSx8ODIjNSx8ODMjNSx8ODQjNSx8ODUjNSx8ODYjNSx8ODcjNSx8ODgjNSx8ODkjNSx8OTAjNSx8OTEjNSx8OTIjNSx8OTMjNSx8OTQjNSx8OTUjNSx8OTYjNSx8OTcjNSx8OTgjNSx8OTkjNSx8MTAwIzUsfDEwMSM1LHwxMDIjNSx8MTAzIzUsfDEwNCM1LHwxMDUjNSx8MTA2IzUsfDEwNyM1LHwxMDgjNSx8MTA5IzUsfDExMCM1LHwxMTEjNSx8MTEyIzUsfDExMyM1LHwxMTQjNSx8MTE1IzUsfDExNiM1LHwxMTcjNSx8MTE4IzUsfDExOSM1LHwxMjAjNSx8MTIxLHNwZWxsLDM3MjYwOCxzcGVsbCwsfDEyMixzcGVsbCwzNzI2MTAsc3BlbGwsLHwxMjMsc3BlbGwsMzYxNTg0LHNwZWxsLCx8MTI0IzUsfDEyNSxzcGVsbCw0MDMwOTIsc3BlbGwsLHwxMjYsc3BlbGwsNDI1NzgyLHNwZWxsLCx8MTI3IzUsfDEyOCM1LHwxMjkjNSx8MTMwIzUsfDEzMSM1LHwxMzIjNSx8MTMzIzUsfDEzNCM1LHwxMzUjNSx8MTM2IzUsfDEzNyM1LHwxMzgjNSx8MTM5IzUsfDE0MCM1LHwxNDEjNSx8MTQyIzUsfDE0MyM1LHwxNDQjNSx8MTQ1LG1hY3JvLDEyMzE0MTEsMTIzMTQxMSwsLFJXNW9ZVzVqWlZGdlRFaGxZV3gwYUUxaFkzSnYsSTNOb2IzZDBiMjlzZEdsd0NpOWpZWE4wSUZ0dWIyTnZiV0poZEYwZ1VtVmpkWEJsY21GMFpRb3ZZMkZ6ZEhObGNYVmxibU5sSUZ0amIyMWlZWFJkSUhKbGMyVjBQV052YldKaGRDQnBkR1Z0T2pJME5EZ3pPQT09LGF8MTQ2LG1hY3JvLDE0NSxpdGVtLCwsUlc1b1lXNWpaVkZ2VEVSeWFXNXJUV0ZqY204PSxJM05vYjNkMGIyOXNkR2x3Q2k5allYTjBjMlZ4ZFdWdVkyVWdjbVZ6WlhROVkyOXRZbUYwSUdsMFpXMDZNVGN5TURZekNnPT0sYXwxNDcsbWFjcm8sMTQ2LGl0ZW0sLCxSR0Z0WVdkbElGQnZkQT09LEkzTm9iM2QwYjI5c2RHbHdDaTkxYzJVZ2FYUmxiVG95TkRFek1EZ0ssYXwxNDgsbWFjcm8sMTEjNCxVR3hoWTJWb2IyeGtaWEk9LFVHeGhZMlZvYjJ4a1pYSWdiV0ZqY204Z1ptOXlJR2wwWlcxeklHeHBhMlVnYm1sMGNtOGdZbTl2YzNRZ2IzSWdjMnh2ZHlCbVlXeHNJR05zYjJGckxnbz0sYXwxNDksbWFjcm8sMTQ4LGl0ZW0sLCxWSEpwYm10bGRDQXgsSTNOb2IzZDBiMjlzZEdsd0NpOTFjMlVnVzBCamRYSnpiM0pkTVRNSyxhfDE1MCxzcGVsbCw1ODk4NCxzcGVsbCwsfDE1MSM1LHwxNTIjNSx8MTUzIzUsfDE1NCM1LHwxNTUjNSx8MTU2IzUsfDE1NyM1LHwxNTgjNSx8MTU5IzUsfDE2MCM1LHwxNjEjNSx8MTYyIzUsfDE2MyM1LHwxNjQjNSx8MTY1IzUsfDE2NiM1LHwxNjcjNSx8MTY4IzUsfDE2OSM1LHwxNzAjNSx8MTcxIzUsfDE3MiM1LHwxNzMjNSx8MTc0LG1hY3JvLDAsLCx8MTc1IzUsfDE3NiM1LHwxNzcjNSx8MTc4IzUsfDE3OSM1LHwxODAjNSx8MTgxIzQsNSx8MTgyIzQsYCx8MTgzIzQsRjEsfDE4NCM0LEYyLHwxODUjNCxGMyx8MTg2IzQsRjQsfDE4NyM0LEY1LHwxODgjNCxGNix8MTg5IzUsfDE5MCM1LHwxOTEjNSx8MTkyIzUs
A6: Havoc | B6: MSxzcGVsbCwxNjI3OTQsc3BlbGwsMSx8MixzcGVsbCwxODg0OTksc3BlbGwsMix8MyxzcGVsbCwxOTgwMTMsc3BlbGwsMyx8NCxzcGVsbCwyNTg5MjAsc3BlbGwsNCx8NSxzcGVsbCwyNTg4NjAsc3BlbGwsUSx8NixzcGVsbCwzNzA5NjUsc3BlbGwsRSx8NyxzcGVsbCwyMzI4OTMsc3BlbGwsUix8OCxzcGVsbCwxOTg3OTMsc3BlbGwsRix8OSM1LHwxMCM1LHwxMSM1LHwxMiM1LHwxMyM1LHwxNCM1LHwxNSM1LHwxNiM1LHwxNyM1LHwxOCM1LHwxOSM1LHwyMCM1LHwyMSM1LHwyMiM1LHwyMyM1LHwyNCM1LHwyNSM0LFNISUZULVosfDI2IzQsU0hJRlQtWCx8MjcsbWFjcm8sMjA3Njg0LDIwNzY4NCxTSElGVC1DLCxVMmxuYVd3Z2IyWWdUV2x6WlhKNUlDaEhjbTkxYm1RcCxJM05vYjNkMGIyOXNkR2x3SUZOcFoybHNJRzltSUUxcGMyVnllUW92WTJGemRDQmJRR04xY25OdmNsMGdVMmxuYVd3Z2IyWWdUV2x6WlhKNUNnPT0sY3wyOCM0LFNISUZULVYsfDI5LHNwZWxsLDE5ODU4OSxzcGVsbCxaLHwzMCxzcGVsbCwxOTUwNzIsc3BlbGwsWCx8MzEsc3BlbGwsMTc5MDU3LHNwZWxsLEMsfDMyLHNwZWxsLDE4Mzc1MixzcGVsbCxWLHwzMyM1LHwzNCM1LHwzNSM1LHwzNiM1LHwzNyM0LEFMVC1aLHwzOCM0LEFMVC1YLENUUkwtQlVUVE9ONHwzOSM0LEFMVC1DLEFMVC1CVVRUT041fDQwIzQsQUxULVYsQUxULUJVVFRPTjR8NDEjNCxDVFJMLVosU0hJRlQtQlVUVE9ONXw0MiM0LENUUkwtWCxTSElGVC1CVVRUT040fDQzIzQsQ1RSTC1DLEJVVFRPTjV8NDQsc3BlbGwsMTg1MjQ1LHNwZWxsLEJVVFRPTjQsQ1RSTC1WfDQ1LHNwZWxsLDE4ODUwMSxzcGVsbCwsfDQ2IzUsfDQ3IzUsfDQ4LG1hY3JvLDEyNyM0LFQzVjBabWwwSUVOdmJHeGxZM1JwYjI0PSxJM0JzZFcxaVpYSTZiM1YwWm1sMENpOWpiR2xqYXlCUVRFMVNYMDlWVkVaSlZBPT0sY3w0OSM0LENUUkwtMSx8NTAjNCxDVFJMLTIsfDUxIzQsQ1RSTC0zLHw1MiM0LENUUkwtNCx8NTMsc3BlbGwsMjc4MzI2LHNwZWxsLENUUkwtUSx8NTQsc3BlbGwsMjE3ODMyLHNwZWxsLENUUkwtRSx8NTUsc3BlbGwsMTk2NzE4LHNwZWxsLENUUkwtUix8NTYjNCxDVFJMLUYsfDU3IzUsfDU4IzUsfDU5IzUsfDYwIzUsfDYxLG1hY3JvLDE5MTQyNywxOTE0MjcsU0hJRlQtMSwsVFdWMFlXMXZjbkJvYjNOcGN5QW9SM0p2ZFc1a0tRPT0sSTNOb2IzZDBiMjlzZEdsd0lFMWxkR0Z0YjNKd2FHOXphWE1LTDJOaGMzUWdXMEJqZFhKemIzSmRJRTFsZEdGdGIzSndhRzl6YVhNSyxjfDYyIzQsU0hJRlQtMix8NjMjNCxTSElGVC0zLHw2NCM0LFNISUZULTQsfDY1IzQsU0hJRlQtUSx8NjYjNCxTSElGVC1FLHw2NyxzcGVsbCwxODUxMjMsc3BlbGwsU0hJRlQtUix8Njgsc3BlbGwsMTg4NTAxLHNwZWxsLFNISUZULUYsfDY5IzUsfDcwIzUsfDcxIzUsfDcyIzUsfDczIzUsfDc0IzUsfDc1IzUsfDc2IzUsfDc3IzUsfDc4IzUsfDc5IzUsfDgwIzUsfDgxIzUsfDgyIzUsfDgzIzUsfDg0IzUsfDg1IzUsfDg2IzUsfDg3IzUsfDg4IzUsfDg5IzUsfDkwIzUsfDkxIzUsfDkyIzUsfDkzIzUsfDk0IzUsfDk1IzUsfDk2IzUsfDk3IzUsfDk4IzUsfDk5IzUsfDEwMCM1LHwxMDEjNSx8MTAyIzUsfDEwMyM1LHwxMDQjNSx8MTA1IzUsfDEwNiM1LHwxMDcjNSx8MTA4IzUsfDEwOSM1LHwxMTAjNSx8MTExIzUsfDExMiM1LHwxMTMjNSx8MTE0IzUsfDExNSM1LHwxMTYjNSx8MTE3IzUsfDExOCM1LHwxMTkjNSx8MTIwIzUsfDEyMSxzcGVsbCwzNzI2MDgsc3BlbGwsLHwxMjIsc3BlbGwsMzcyNjEwLHNwZWxsLCx8MTIzLHNwZWxsLDM2MTU4NCxzcGVsbCwsfDEyNCM1LHwxMjUsc3BlbGwsNDAzMDkyLHNwZWxsLCx8MTI2LHNwZWxsLDQyNTc4MixzcGVsbCwsfDEyNyM1LHwxMjgjNSx8MTI5IzUsfDEzMCM1LHwxMzEjNSx8MTMyIzUsfDEzMyM1LHwxMzQjNSx8MTM1IzUsfDEzNiM1LHwxMzcjNSx8MTM4IzUsfDEzOSM1LHwxNDAjNSx8MTQxIzUsfDE0MiM1LHwxNDMjNSx8MTQ0IzUsfDE0NSxtYWNybywxMjMxNDExLDEyMzE0MTEsLCxSVzVvWVc1alpWRnZURWhsWVd4MGFFMWhZM0p2LEkzTm9iM2QwYjI5c2RHbHdDaTlqWVhOMElGdHViMk52YldKaGRGMGdVbVZqZFhCbGNtRjBaUW92WTJGemRITmxjWFZsYm1ObElGdGpiMjFpWVhSZElISmxjMlYwUFdOdmJXSmhkQ0JwZEdWdE9qSTBORGd6T0E9PSxhfDE0NiM1LHwxNDcsbWFjcm8sMTQ2LGl0ZW0sLCxSR0Z0WVdkbElGQnZkQT09LEkzTm9iM2QwYjI5c2RHbHdDaTkxYzJVZ2FYUmxiVG95TkRFek1EZ0ssYXwxNDgsbWFjcm8sMTEjNCxVR3hoWTJWb2IyeGtaWEk9LFVHeGhZMlZvYjJ4a1pYSWdiV0ZqY204Z1ptOXlJR2wwWlcxeklHeHBhMlVnYm1sMGNtOGdZbTl2YzNRZ2IzSWdjMnh2ZHlCbVlXeHNJR05zYjJGckxnbz0sYXwxNDksbWFjcm8sMTQ4LGl0ZW0sLCxWSEpwYm10bGRDQXgsSTNOb2IzZDBiMjlzZEdsd0NpOTFjMlVnVzBCamRYSnpiM0pkTVRNSyxhfDE1MCxzcGVsbCw1ODk4NCxzcGVsbCwsfDE1MSM1LHwxNTIjNSx8MTUzIzUsfDE1NCM1LHwxNTUjNSx8MTU2IzUsfDE1NyM1LHwxNTgjNSx8MTU5IzUsfDE2MCM1LHwxNjEjNSx8MTYyIzUsfDE2MyM1LHwxNjQjNSx8MTY1IzUsfDE2NiM1LHwxNjcjNSx8MTY4IzUsfDE2OSM1LHwxNzAjNSx8MTcxIzUsfDE3MiM1LHwxNzMjNSx8MTc0IzUsfDE3NSM1LHwxNzYjNSx8MTc3IzUsfDE3OCM1LHwxNzkjNSx8MTgwIzUs | C6: MCxfaGVhZGVyLGRlbW9uaHVudGVyLDU3NywsfDEsc3BlbGwsMTYyNzk0LHNwZWxsLDEsfDIsc3BlbGwsMTg4NDk5LHNwZWxsLDIsfDMsc3BlbGwsMTk4MDEzLHNwZWxsLDMsfDQsc3BlbGwsMjU4OTIwLHNwZWxsLDQsfDUsc3BlbGwsMjU4ODYwLHNwZWxsLFEsfDYsc3BlbGwsMzcwOTY1LHNwZWxsLEUsfDcsc3BlbGwsMjMyODkzLHNwZWxsLFIsfDgsc3BlbGwsMTk4NzkzLHNwZWxsLEYsfDkjNSx8MTAjNSx8MTEjNSx8MTIjNSx8MTMjNSx8MTQjNSx8MTUjNSx8MTYjNSx8MTcjNSx8MTgjNSx8MTkjNSx8MjAjNSx8MjEjNSx8MjIjNSx8MjMjNSx8MjQjNSx8MjUjNCxTSElGVC1aLHwyNiM0LFNISUZULVgsfDI3LG1hY3JvLDIwNzY4NCwyMDc2ODQsU0hJRlQtQywsVTJsbmFXd2diMllnVFdselpYSjVJQ2hIY205MWJtUXAsSTNOb2IzZDBiMjlzZEdsd0lGTnBaMmxzSUc5bUlFMXBjMlZ5ZVFvdlkyRnpkQ0JiUUdOMWNuTnZjbDBnVTJsbmFXd2diMllnVFdselpYSjVDZz09LGN8MjgjNCxTSElGVC1WLHwyOSxzcGVsbCwxOTg1ODksc3BlbGwsWix8MzAsc3BlbGwsMTk1MDcyLHNwZWxsLFgsfDMxLHNwZWxsLDE3OTA1NyxzcGVsbCxDLHwzMixzcGVsbCwxODM3NTIsc3BlbGwsVix8MzMjNSx8MzQjNSx8MzUjNSx8MzYjNSx8MzcjNCxBTFQtWixDVFJMLUJVVFRPTjV8MzgjNCxBTFQtWCxDVFJMLUJVVFRPTjR8MzkjNCxBTFQtQyxBTFQtQlVUVE9ONXw0MCxzdW1tb25tb3VudCw5NzUwMSwsQUxULVYsQUxULUJVVFRPTjR8NDEjNCxDVFJMLVosU0hJRlQtQlVUVE9ONXw0MiM0LENUUkwtWCxTSElGVC1CVVRUT040fDQzIzQsQ1RSTC1DLEJVVFRPTjV8NDQsc3BlbGwsMTg1MjQ1LHNwZWxsLEJVVFRPTjQsQ1RSTC1WfDQ1IzUsfDQ2IzUsfDQ3IzUsfDQ4LG1hY3JvLDEyNyM0LFQzVjBabWwwSUVOdmJHeGxZM1JwYjI0PSxJM0JzZFcxaVpYSTZiM1YwWm1sMENpOWpiR2xqYXlCUVRFMVNYMDlWVkVaSlZBPT0sY3w0OSM0LENUUkwtMSx8NTAjNCxDVFJMLTIsfDUxIzQsQ1RSTC0zLHw1MiM0LENUUkwtNCx8NTMsc3BlbGwsMjc4MzI2LHNwZWxsLENUUkwtUSx8NTQsc3BlbGwsMjE3ODMyLHNwZWxsLENUUkwtRSx8NTUsc3BlbGwsMTk2NzE4LHNwZWxsLENUUkwtUix8NTYjNCxDVFJMLUYsfDU3IzUsfDU4IzUsfDU5IzUsfDYwIzUsfDYxLG1hY3JvLDE5MTQyNywxOTE0MjcsU0hJRlQtMSwsVFdWMFlXMXZjbkJvYjNOcGN5QW9SM0p2ZFc1a0tRPT0sSTNOb2IzZDBiMjlzZEdsd0lFMWxkR0Z0YjNKd2FHOXphWE1LTDJOaGMzUWdXMEJqZFhKemIzSmRJRTFsZEdGdGIzSndhRzl6YVhNSyxjfDYyIzQsU0hJRlQtMix8NjMjNCxTSElGVC0zLHw2NCM0LFNISUZULTQsfDY1IzQsU0hJRlQtUSx8NjYjNCxTSElGVC1FLHw2NyxzcGVsbCwxODUxMjMsc3BlbGwsU0hJRlQtUix8Njgsc3BlbGwsMTg4NTAxLHNwZWxsLFNISUZULUYsfDY5IzUsfDcwIzUsfDcxIzUsfDcyIzUsfDczIzUsfDc0IzUsfDc1IzUsfDc2IzUsfDc3IzUsfDc4IzUsfDc5IzUsfDgwIzUsfDgxIzUsfDgyIzUsfDgzIzUsfDg0IzUsfDg1IzUsfDg2IzUsfDg3IzUsfDg4IzUsfDg5IzUsfDkwIzUsfDkxIzUsfDkyIzUsfDkzIzUsfDk0IzUsfDk1IzUsfDk2IzUsfDk3IzUsfDk4IzUsfDk5IzUsfDEwMCM1LHwxMDEjNSx8MTAyIzUsfDEwMyM1LHwxMDQjNSx8MTA1IzUsfDEwNiM1LHwxMDcjNSx8MTA4IzUsfDEwOSM1LHwxMTAjNSx8MTExIzUsfDExMiM1LHwxMTMjNSx8MTE0IzUsfDExNSM1LHwxMTYjNSx8MTE3IzUsfDExOCM1LHwxMTkjNSx8MTIwIzUsfDEyMSxzcGVsbCwzNzI2MDgsc3BlbGwsLHwxMjIsc3BlbGwsMzcyNjEwLHNwZWxsLCx8MTIzLHNwZWxsLDM2MTU4NCxzcGVsbCwsfDEyNCM1LHwxMjUsc3BlbGwsNDAzMDkyLHNwZWxsLCx8MTI2LHNwZWxsLDQyNTc4MixzcGVsbCwsfDEyNyM1LHwxMjgjNSx8MTI5IzUsfDEzMCM1LHwxMzEjNSx8MTMyIzUsfDEzMyM1LHwxMzQjNSx8MTM1IzUsfDEzNiM1LHwxMzcjNSx8MTM4IzUsfDEzOSM1LHwxNDAjNSx8MTQxIzUsfDE0MiM1LHwxNDMjNSx8MTQ0IzUsfDE0NSxtYWNybywxMjMxNDExLDEyMzE0MTEsLCxSVzVvWVc1alpWRnZURWhsWVd4MGFFMWhZM0p2LEkzTm9iM2QwYjI5c2RHbHdDaTlqWVhOMElGdHViMk52YldKaGRGMGdVbVZqZFhCbGNtRjBaUW92WTJGemRITmxjWFZsYm1ObElGdGpiMjFpWVhSZElISmxjMlYwUFdOdmJXSmhkQ0JwZEdWdE9qSTBORGd6T0E9PSxhfDE0NiM1LHwxNDcsbWFjcm8sMTQ2LGl0ZW0sLCxSR0Z0WVdkbElGQnZkQT09LEkzTm9iM2QwYjI5c2RHbHdDaTkxYzJVZ2FYUmxiVG95TkRFek1EZ0ssYXwxNDgsbWFjcm8sMTEjNCxVR3hoWTJWb2IyeGtaWEk9LFVHeGhZMlZvYjJ4a1pYSWdiV0ZqY204Z1ptOXlJR2wwWlcxeklHeHBhMlVnYm1sMGNtOGdZbTl2YzNRZ2IzSWdjMnh2ZHlCbVlXeHNJR05zYjJGckxnbz0sYXwxNDksbWFjcm8sMTQ4LGl0ZW0sLCxWSEpwYm10bGRDQXgsSTNOb2IzZDBiMjlzZEdsd0NpOTFjMlVnVzBCamRYSnpiM0pkTVRNSyxhfDE1MCxzcGVsbCw1ODk4NCxzcGVsbCwsfDE1MSM1LHwxNTIjNSx8MTUzIzUsfDE1NCM1LHwxNTUjNSx8MTU2IzUsfDE1NyM1LHwxNTgjNSx8MTU5IzUsfDE2MCM1LHwxNjEjNSx8MTYyIzUsfDE2MyM1LHwxNjQjNSx8MTY1IzUsfDE2NiM1LHwxNjcjNSx8MTY4IzUsfDE2OSM1LHwxNzAjNSx8MTcxIzUsfDE3MiM1LHwxNzMjNSx8MTc0IzUsfDE3NSM1LHwxNzYjNSx8MTc3IzUsfDE3OCM1LHwxNzkjNSx8MTgwIzUsfDE4MSM0LDUsfDE4MiM0LGAsfDE4MyM0LEYxLHwxODQjNCxGMix8MTg1IzQsRjMsfDE4NiM0LEY0LHwxODcjNSx8MTg4IzUsfDE4OSM1LHwxOTAjNSx8MTkxIzUsfDE5MiM1LA==
A7: Vengeance | B7: MSxzcGVsbCwyNjM2NDIsc3BlbGwsMSx8MixzcGVsbCwyMjg0Nzcsc3BlbGwsMix8MyxzcGVsbCwyNDc0NTQsc3BlbGwsMyx8NCxzcGVsbCwyNTg5MjAsc3BlbGwsNCx8NSxzcGVsbCwyMDM3MjAsc3BlbGwsUSx8NixtYWNybywyMDQ1OTYsMjA0NTk2LEUsLFl3PT0sSTNOb2IzZDBiMjlzZEdsd0NpOWpZWE4wSUZ0QVkzVnljMjl5WFZOcFoybHNJRzltSUVac1lXMWxDZz09LGN8NyxzcGVsbCwyMzI4OTMsc3BlbGwsUix8OCxzcGVsbCwxOTg3OTMsc3BlbGwsRix8OSM1LHwxMCM1LHwxMSM1LHwxMiM1LHwxMyM1LHwxNCM1LHwxNSM1LHwxNiM1LHwxNyM1LHwxOCM1LHwxOSM1LHwyMCM1LHwyMSM1LHwyMiM1LHwyMyM1LHwyNCM1LHwyNSM0LFNISUZULVosfDI2IzQsU0hJRlQtWCx8Mjcsc3BlbGwsMjA3Njg0LHNwZWxsLFNISUZULUMsfDI4IzQsU0hJRlQtVix8Mjksc3BlbGwsMjA0MDIxLHNwZWxsLFosfDMwLG1hY3JvLDE4OTExMCwxODkxMTAsWCwsWTNWeWMyOXlJR2x1Wm1WeSxJM05vYjNkMGIyOXNkR2x3Q2k5allYTjBJRnRBWTNWeWMyOXlYVWx1Wm1WeWJtRnNJRk4wY21sclpRbz0sY3wzMSxzcGVsbCwxNzkwNTcsc3BlbGwsQyx8MzIsc3BlbGwsMTgzNzUyLHNwZWxsLFYsfDMzIzUsfDM0IzUsfDM1IzUsfDM2IzUsfDM3IzQsQUxULVosQ1RSTC1CVVRUT041fDM4IzQsQUxULVgsQ1RSTC1CVVRUT040fDM5IzQsQUxULUMsQUxULUJVVFRPTjV8NDAjNCxBTFQtVixBTFQtQlVUVE9ONHw0MSM0LENUUkwtWixTSElGVC1CVVRUT041fDQyIzQsQ1RSTC1YLFNISUZULUJVVFRPTjR8NDMjNCxDVFJMLUMsQlVUVE9ONXw0NCxzcGVsbCwxODUyNDUsc3BlbGwsQ1RSTC1WLEJVVFRPTjR8NDUjNSx8NDYjNSx8NDcjNSx8NDgjNSx8NDkjNCxDVFJMLTEsfDUwIzQsQ1RSTC0yLHw1MSM0LENUUkwtMyx8NTIjNCxDVFJMLTQsfDUzLHNwZWxsLDI3ODMyNixzcGVsbCxDVFJMLVEsfDU0LHNwZWxsLDIxNzgzMixzcGVsbCxDVFJMLUUsfDU1LHNwZWxsLDE5NjcxOCxzcGVsbCxDVFJMLVIsfDU2IzQsQ1RSTC1GLHw1NyM1LHw1OCM1LHw1OSM1LHw2MCM1LHw2MSxzcGVsbCwxODc4Mjcsc3BlbGwsU0hJRlQtMSx8NjIsbWFjcm8sMzkwMTYzLDM5MDE2MyxTSElGVC0yLCxVMmxuYVd3Z2IyWWdVM0JwZEdVPSxJM05vYjNkMGIyOXNkR2x3SUZOcFoybHNJRzltSUZOd2FYUmxDaTlqWVhOMElGdEFZM1Z5YzI5eVhTQlRhV2RwYkNCdlppQlRjR2wwWlFvPSxjfDYzLHNwZWxsLDIwNzQwNyxzcGVsbCxTSElGVC0zLHw2NCxzcGVsbCwyMTIwODQsc3BlbGwsU0hJRlQtNCx8NjUjNCxTSElGVC1RLHw2NixzcGVsbCwyMDIxMzcsc3BlbGwsU0hJRlQtRSx8Njcsc3BlbGwsMjA0MTU3LHNwZWxsLFNISUZULVIsfDY4LHNwZWxsLDE4ODUwMSxzcGVsbCxTSElGVC1GLHw2OSM1LHw3MCM1LHw3MSM1LHw3MiM1LHw3MyM1LHw3NCM1LHw3NSM1LHw3NiM1LHw3NyM1LHw3OCM1LHw3OSM1LHw4MCM1LHw4MSM1LHw4MiM1LHw4MyM1LHw4NCM1LHw4NSM1LHw4NiM1LHw4NyM1LHw4OCM1LHw4OSM1LHw5MCM1LHw5MSM1LHw5MiM1LHw5MyM1LHw5NCM1LHw5NSM1LHw5NiM1LHw5NyM1LHw5OCM1LHw5OSM1LHwxMDAjNSx8MTAxIzUsfDEwMiM1LHwxMDMjNSx8MTA0IzUsfDEwNSM1LHwxMDYjNSx8MTA3IzUsfDEwOCM1LHwxMDkjNSx8MTEwIzUsfDExMSM1LHwxMTIjNSx8MTEzIzUsfDExNCM1LHwxMTUjNSx8MTE2IzUsfDExNyM1LHwxMTgjNSx8MTE5IzUsfDEyMCM1LHwxMjEsc3BlbGwsMzcyNjA4LHNwZWxsLCx8MTIyLHNwZWxsLDM3MjYxMCxzcGVsbCwsfDEyMyxzcGVsbCwzNjE1ODQsc3BlbGwsLHwxMjQjNSx8MTI1LHNwZWxsLDQwMzA5MixzcGVsbCwsfDEyNixzcGVsbCw0MjU3ODIsc3BlbGwsLHwxMjcjNSx8MTI4IzUsfDEyOSM1LHwxMzAjNSx8MTMxIzUsfDEzMiM1LHwxMzMjNSx8MTM0IzUsfDEzNSM1LHwxMzYjNSx8MTM3IzUsfDEzOCM1LHwxMzkjNSx8MTQwIzUsfDE0MSM1LHwxNDIjNSx8MTQzIzUsfDE0NCM1LHwxNDUsbWFjcm8sMTIzMTQxMSwxMjMxNDExLCwsUlc1b1lXNWpaVkZ2VEVobFlXeDBhRTFoWTNKdixJM05vYjNkMGIyOXNkR2x3Q2k5allYTjBJRnR1YjJOdmJXSmhkRjBnVW1WamRYQmxjbUYwWlFvdlkyRnpkSE5sY1hWbGJtTmxJRnRqYjIxaVlYUmRJSEpsYzJWMFBXTnZiV0poZENCcGRHVnRPakkwTkRnek9BPT0sYXwxNDYjNSx8MTQ3LGl0ZW0sMjEyMjY0LCwsfDE0OCM1LHwxNDksbWFjcm8sMTQ4LGl0ZW0sLCxWSEpwYm10bGRDQXgsSTNOb2IzZDBiMjlzZEdsd0NpOTFjMlVnVzBCamRYSnpiM0pkTVRNSyxhfDE1MCxzcGVsbCw1ODk4NCxzcGVsbCwsfDE1MSM1LHwxNTIjNSx8MTUzIzUsfDE1NCM1LHwxNTUjNSx8MTU2IzUsfDE1NyM1LHwxNTgjNSx8MTU5IzUsfDE2MCM1LHwxNjEjNSx8MTYyIzUsfDE2MyM1LHwxNjQjNSx8MTY1IzUsfDE2NiM1LHwxNjcjNSx8MTY4IzUsfDE2OSM1LHwxNzAjNSx8MTcxIzUsfDE3MiM1LHwxNzMjNSx8MTc0IzUsfDE3NSM1LHwxNzYjNSx8MTc3IzUsfDE3OCM1LHwxNzkjNSx8MTgwIzUs | C7: MCxfaGVhZGVyLGRlbW9uaHVudGVyLDU4MSwsfDEsc3BlbGwsMjYzNjQyLHNwZWxsLDEsfDIsc3BlbGwsMjI4NDc3LHNwZWxsLDIsfDMsc3BlbGwsMjQ3NDU0LHNwZWxsLDMsfDQsc3BlbGwsMjU4OTIwLHNwZWxsLDQsfDUsc3BlbGwsMjAzNzIwLHNwZWxsLFEsfDYsbWFjcm8sMjA0NTk2LDIwNDU5NixFLCxZdz09LEkzTm9iM2QwYjI5c2RHbHdDaTlqWVhOMElGdEFZM1Z5YzI5eVhWTnBaMmxzSUc5bUlFWnNZVzFsQ2c9PSxjfDcsc3BlbGwsMjMyODkzLHNwZWxsLFIsfDgsc3BlbGwsMTk4NzkzLHNwZWxsLEYsfDkjNSx8MTAjNSx8MTEjNSx8MTIjNSx8MTMjNSx8MTQjNSx8MTUjNSx8MTYjNSx8MTcjNSx8MTgjNSx8MTkjNSx8MjAjNSx8MjEjNSx8MjIjNSx8MjMjNSx8MjQjNSx8MjUjNCxTSElGVC1aLHwyNiM0LFNISUZULVgsfDI3LHNwZWxsLDIwNzY4NCxzcGVsbCxTSElGVC1DLHwyOCM0LFNISUZULVYsfDI5LHNwZWxsLDIwNDAyMSxzcGVsbCxaLHwzMCxtYWNybywxODkxMTAsMTg5MTEwLFgsLFkzVnljMjl5SUdsdVptVnksSTNOb2IzZDBiMjlzZEdsd0NpOWpZWE4wSUZ0QVkzVnljMjl5WFVsdVptVnlibUZzSUZOMGNtbHJaUW89LGN8MzEsc3BlbGwsMTc5MDU3LHNwZWxsLEMsfDMyLHNwZWxsLDE4Mzc1MixzcGVsbCxWLHwzMyM1LHwzNCM1LHwzNSM1LHwzNiM1LHwzNyM0LEFMVC1aLENUUkwtQlVUVE9ONXwzOCM0LEFMVC1YLENUUkwtQlVUVE9ONHwzOSM0LEFMVC1DLEFMVC1CVVRUT041fDQwLHN1bW1vbm1vdW50LDk3NTAxLCxBTFQtVixBTFQtQlVUVE9ONHw0MSM0LENUUkwtWixTSElGVC1CVVRUT041fDQyIzQsQ1RSTC1YLFNISUZULUJVVFRPTjR8NDMjNCxDVFJMLUMsQlVUVE9ONXw0NCxzcGVsbCwxODUyNDUsc3BlbGwsQlVUVE9ONCxDVFJMLVZ8NDUjNSx8NDYjNSx8NDcjNSx8NDgjNSx8NDkjNCxDVFJMLTEsfDUwIzQsQ1RSTC0yLHw1MSM0LENUUkwtMyx8NTIjNCxDVFJMLTQsfDUzLHNwZWxsLDI3ODMyNixzcGVsbCxDVFJMLVEsfDU0LHNwZWxsLDIxNzgzMixzcGVsbCxDVFJMLUUsfDU1LHNwZWxsLDE5NjcxOCxzcGVsbCxDVFJMLVIsfDU2IzQsQ1RSTC1GLHw1NyM1LHw1OCM1LHw1OSM1LHw2MCM1LHw2MSxzcGVsbCwxODc4Mjcsc3BlbGwsU0hJRlQtMSx8NjIsbWFjcm8sMzkwMTYzLDM5MDE2MyxTSElGVC0yLCxVMmxuYVd3Z2IyWWdVM0JwZEdVPSxJM05vYjNkMGIyOXNkR2x3SUZOcFoybHNJRzltSUZOd2FYUmxDaTlqWVhOMElGdEFZM1Z5YzI5eVhTQlRhV2RwYkNCdlppQlRjR2wwWlFvPSxjfDYzLHNwZWxsLDIwNzQwNyxzcGVsbCxTSElGVC0zLHw2NCxzcGVsbCwyMTIwODQsc3BlbGwsU0hJRlQtNCx8NjUjNCxTSElGVC1RLHw2NixzcGVsbCwyMDIxMzcsc3BlbGwsU0hJRlQtRSx8Njcsc3BlbGwsMjA0MTU3LHNwZWxsLFNISUZULVIsfDY4LHNwZWxsLDE4ODUwMSxzcGVsbCxTSElGVC1GLHw2OSM1LHw3MCM1LHw3MSM1LHw3MiM1LHw3MyM1LHw3NCM1LHw3NSM1LHw3NiM1LHw3NyM1LHw3OCM1LHw3OSM1LHw4MCM1LHw4MSM1LHw4MiM1LHw4MyM1LHw4NCM1LHw4NSM1LHw4NiM1LHw4NyM1LHw4OCM1LHw4OSM1LHw5MCM1LHw5MSM1LHw5MiM1LHw5MyM1LHw5NCM1LHw5NSM1LHw5NiM1LHw5NyM1LHw5OCM1LHw5OSM1LHwxMDAjNSx8MTAxIzUsfDEwMiM1LHwxMDMjNSx8MTA0IzUsfDEwNSM1LHwxMDYjNSx8MTA3IzUsfDEwOCM1LHwxMDkjNSx8MTEwIzUsfDExMSM1LHwxMTIjNSx8MTEzIzUsfDExNCM1LHwxMTUjNSx8MTE2IzUsfDExNyM1LHwxMTgjNSx8MTE5IzUsfDEyMCM1LHwxMjEsc3BlbGwsMzcyNjA4LHNwZWxsLCx8MTIyLHNwZWxsLDM3MjYxMCxzcGVsbCwsfDEyMyxzcGVsbCwzNjE1ODQsc3BlbGwsLHwxMjQjNSx8MTI1LHNwZWxsLDQwMzA5MixzcGVsbCwsfDEyNixzcGVsbCw0MjU3ODIsc3BlbGwsLHwxMjcjNSx8MTI4IzUsfDEyOSM1LHwxMzAjNSx8MTMxIzUsfDEzMiM1LHwxMzMjNSx8MTM0IzUsfDEzNSM1LHwxMzYjNSx8MTM3IzUsfDEzOCM1LHwxMzkjNSx8MTQwIzUsfDE0MSM1LHwxNDIjNSx8MTQzIzUsfDE0NCM1LHwxNDUsbWFjcm8sMTIzMTQxMSwxMjMxNDExLCwsUlc1b1lXNWpaVkZ2VEVobFlXeDBhRTFoWTNKdixJM05vYjNkMGIyOXNkR2x3Q2k5allYTjBJRnR1YjJOdmJXSmhkRjBnVW1WamRYQmxjbUYwWlFvdlkyRnpkSE5sY1hWbGJtTmxJRnRqYjIxaVlYUmRJSEpsYzJWMFBXTnZiV0poZENCcGRHVnRPakkwTkRnek9BPT0sYXwxNDYjNSx8MTQ3LGl0ZW0sMjEyMjY0LCwsfDE0OCM1LHwxNDksbWFjcm8sMTQ4LGl0ZW0sLCxWSEpwYm10bGRDQXgsSTNOb2IzZDBiMjlzZEdsd0NpOTFjMlVnVzBCamRYSnpiM0pkTVRNSyxhfDE1MCxzcGVsbCw1ODk4NCxzcGVsbCwsfDE1MSM1LHwxNTIjNSx8MTUzIzUsfDE1NCM1LHwxNTUjNSx8MTU2IzUsfDE1NyM1LHwxNTgjNSx8MTU5IzUsfDE2MCM1LHwxNjEjNSx8MTYyIzUsfDE2MyM1LHwxNjQjNSx8MTY1IzUsfDE2NiM1LHwxNjcjNSx8MTY4IzUsfDE2OSM1LHwxNzAjNSx8MTcxIzUsfDE3MiM1LHwxNzMjNSx8MTc0IzUsfDE3NSM1LHwxNzYjNSx8MTc3IzUsfDE3OCM1LHwxNzkjNSx8MTgwIzUsfDE4MSM0LDUsfDE4MiM0LGAsfDE4MyM0LEYxLHwxODQjNCxGMix8MTg1IzQsRjMsfDE4NiM0LEY0LHwxODcjNCxGNSx8MTg4IzQsRjYsfDE4OSM1LHwxOTAjNSx8MTkxIzUsfDE5MiM1LA==
A8: Balance | B8: MSxzcGVsbCwyNDg1OCxzcGVsbCwxLHwyIzQsMix8MyM0LDMsfDQjNCw0LHw1LHNwZWxsLDc3NCxzcGVsbCxRLHw2LHNwZWxsLDg5MzYsc3BlbGwsRSx8NyxzcGVsbCw0ODQzOCxzcGVsbCxSLHw4LHNwZWxsLDEyNjE4Njcsc3BlbGwsRix8OSM1LHwxMCM1LHwxMSM1LHwxMiM1LHwxMyM1LHwxNCM1LHwxNSM1LHwxNiM1LHwxNyM1LHwxOCM1LHwxOSM1LHwyMCM1LHwyMSM1LHwyMiM1LHwyMyM1LHwyNCM1LHwyNSM0LFNISUZULVosfDI2IzQsU0hJRlQtWCx8Mjcsc3BlbGwsMTMyNDY5LHNwZWxsLFNISUZULUMsfDI4IzQsU0hJRlQtVix8Mjksc3BlbGwsMjI4MTIsc3BlbGwsWix8MzAsc3BlbGwsMTg1MCxzcGVsbCxYLHwzMSxzcGVsbCw1MjExLHNwZWxsLEMsfDMyLHNwZWxsLDc4Njc1LHNwZWxsLFYsfDMzIzUsfDM0IzUsfDM1IzUsfDM2IzUsfDM3LHNwZWxsLDIwOTc0OSxzcGVsbCxBTFQtWixDVFJMLUJVVFRPTjV8MzgjNCxBTFQtWCxDVFJMLUJVVFRPTjR8MzkjNCxBTFQtQyxBTFQtQlVUVE9ONXw0MCxzcGVsbCw0NzQ3NTAsc3BlbGwsQUxULVYsQUxULUJVVFRPTjR8NDEsc3BlbGwsMTEyNixzcGVsbCxDVFJMLVosU0hJRlQtQlVUVE9ONXw0MixzcGVsbCw1MDc2OSxzcGVsbCxDVFJMLVgsU0hJRlQtQlVUVE9ONHw0MyxzcGVsbCwxMDIzODMsc3BlbGwsQ1RSTC1DLEJVVFRPTjV8NDQsc3BlbGwsNTIxNSxzcGVsbCxCVVRUT040LENUUkwtVnw0NSM1LHw0NiM1LHw0NyM1LHw0OCM1LHw0OSxzcGVsbCw4OTM2LHNwZWxsLENUUkwtMSx8NTAsc3BlbGwsNDg0Mzgsc3BlbGwsQ1RSTC0yLHw1MSxzcGVsbCwyOTE2NixzcGVsbCxDVFJMLTMsfDUyLHNwZWxsLDEyNjE4Njcsc3BlbGwsQ1RSTC00LHw1MyxzcGVsbCwyOTA4LHNwZWxsLENUUkwtUSx8NTQsc3BlbGwsMjc4MixzcGVsbCxDVFJMLUUsfDU1LHNwZWxsLDE2NDg2MixzcGVsbCxDVFJMLVIsfDU2LHNwZWxsLDIwNDg0LHNwZWxsLENUUkwtRix8NTcjNSx8NTgjNSx8NTkjNSx8NjAjNSx8NjEsc3BlbGwsMTk0MjIzLHNwZWxsLFNISUZULTEsfDYyLHNwZWxsLDM5MTUyOCxzcGVsbCxTSElGVC0yLHw2MyxzcGVsbCwyMDU2MzYsc3BlbGwsU0hJRlQtMyx8NjQsc3BlbGwsODg3NDcsc3BlbGwsU0hJRlQtNCx8NjUsc3BlbGwsMTA2ODk4LHNwZWxsLFNISUZULVEsfDY2LHNwZWxsLDEwMjM1OSxzcGVsbCxTSElGVC1FLHw2NyxzcGVsbCwzMzksc3BlbGwsU0hJRlQtUix8Njgsc3BlbGwsMjYzNyxzcGVsbCxTSElGVC1GLHw2OSM1LHw3MCM1LHw3MSM1LHw3MiM1LHw3MyxzcGVsbCw1MjIxLHNwZWxsLCx8NzQsc3BlbGwsMTgyMixzcGVsbCwsfDc1LHNwZWxsLDEwNzksc3BlbGwsLHw3NixzcGVsbCwyMjU2OCxzcGVsbCwsfDc3IzUsfDc4LHNwZWxsLDIxMzc2NCxzcGVsbCwsfDc5IzUsfDgwLHNwZWxsLDIyNTcwLHNwZWxsLCx8ODEjNSx8ODIjNSx8ODMjNSx8ODQjNSx8ODUjNSx8ODYjNSx8ODcsc3BlbGwsODkzNixzcGVsbCwsfDg4IzUsfDg5IzUsfDkwIzUsfDkxLHNwZWxsLDIwNDg0LHNwZWxsLCx8OTIjNSx8OTMjNSx8OTQsc3BlbGwsMTg1MCxzcGVsbCwsfDk1IzUsfDk2IzUsfDk3LHNwZWxsLDMzOTE3LHNwZWxsLCx8OTgsc3BlbGwsNzc3NTgsc3BlbGwsLHw5OSM1LHwxMDAsc3BlbGwsMjI4NDIsc3BlbGwsLHwxMDEsc3BlbGwsMTkyMDgxLHNwZWxsLCx8MTAyIzUsfDEwMyxzcGVsbCwyMTM3NjQsc3BlbGwsLHwxMDQsc3BlbGwsNjc5NSxzcGVsbCwsfDEwNSM1LHwxMDYjNSx8MTA3IzUsfDEwOCM1LHwxMDksc3BlbGwsMTkwOTg0LHNwZWxsLCx8MTEwLHNwZWxsLDE5NDE1MyxzcGVsbCwsfDExMSxzcGVsbCw4OTIxLHNwZWxsLCx8MTEyLHNwZWxsLDkzNDAyLHNwZWxsLCx8MTEzLHNwZWxsLDc4Njc0LHNwZWxsLCx8MTE0LHNwZWxsLDE5MTAzNCxzcGVsbCwsfDExNSxzcGVsbCwxMjMzMzQ2LHNwZWxsLCx8MTE2LHNwZWxsLDIwMjc3MCxzcGVsbCwsfDExNyM1LHwxMTgjNSx8MTE5IzUsfDEyMCM1LHwxMjEjNSx8MTIyIzUsfDEyMyM1LHwxMjQjNSx8MTI1IzUsfDEyNiM1LHwxMjcjNSx8MTI4IzUsfDEyOSM1LHwxMzAjNSx8MTMxIzUsfDEzMiM1LHwxMzMjNSx8MTM0IzUsfDEzNSM1LHwxMzYjNSx8MTM3IzUsfDEzOCM1LHwxMzkjNSx8MTQwIzUsfDE0MSM1LHwxNDIjNSx8MTQzIzUsfDE0NCM1LHwxNDUsbWFjcm8sMTIzMTQxMSwxMjMxNDExLCwsUlc1b1lXNWpaVkZ2VEVobFlXeDBhRTFoWTNKdixJM05vYjNkMGIyOXNkR2x3Q2k5allYTjBJRnR1YjJOdmJXSmhkRjBnVW1WamRYQmxjbUYwWlFvdlkyRnpkSE5sY1hWbGJtTmxJRnRqYjIxaVlYUmRJSEpsYzJWMFBXTnZiV0poZENCcGRHVnRPakkwTkRnek9BPT0sYXwxNDYsbWFjcm8sMTQ1LGl0ZW0sLCxSVzVvWVc1alpWRnZURVJ5YVc1clRXRmpjbTg9LEkzTm9iM2QwYjI5c2RHbHdDaTlqWVhOMGMyVnhkV1Z1WTJVZ2NtVnpaWFE5WTI5dFltRjBJR2wwWlcwNk1UY3lNRFl6LGF8MTQ3LG1hY3JvLDE0NixpdGVtLCwsUkdGdFlXZGxJRkJ2ZEE9PSxJM05vYjNkMGIyOXNkR2x3Q2k5MWMyVWdhWFJsYlRveU5ERXpNRGdLLGF8MTQ4LG1hY3JvLDExIzQsVUd4aFkyVm9iMnhrWlhJPSxVR3hoWTJWb2IyeGtaWElnYldGamNtOGdabTl5SUdsMFpXMXpJR3hwYTJVZ2JtbDBjbThnWW05dmMzUWdiM0lnYzJ4dmR5Qm1ZV3hzSUdOc2IyRnJMZ289LGF8MTQ5LG1hY3JvLDE0IzQsVkhKcGJtdGxkQ0F4LEkzTm9iM2QwYjI5c2RHbHdDaTkxYzJVZ1cwQmpkWEp6YjNKZE1UTUssYXwxNTAsc3BlbGwsNTg5ODQsc3BlbGwsLHwxNTEjNSx8MTUyIzUsfDE1MyM1LHwxNTQjNSx8MTU1IzUsfDE1NiM1LHwxNTcjNSx8MTU4IzUsfDE1OSM1LHwxNjAjNSx8MTYxIzUsfDE2MiM1LHwxNjMjNSx8MTY0IzUsfDE2NSM1LHwxNjYjNSx8MTY3IzUsfDE2OCM1LHwxNjkjNSx8MTcwIzUsfDE3MSM1LHwxNzIjNSx8MTczIzUsfDE3NCM1LHwxNzUjNSx8MTc2IzUsfDE3NyM1LHwxNzgjNSx8MTc5IzUsfDE4MCM1LA== | C8: MCxfaGVhZGVyLGRydWlkLDEwMiwsfDEsc3BlbGwsMjQ4NTgsc3BlbGwsMSx8MiM0LDIsfDMjNCwzLHw0IzQsNCx8NSxzcGVsbCw3NzQsc3BlbGwsUSx8NixzcGVsbCw4OTM2LHNwZWxsLEUsfDcsc3BlbGwsNDg0Mzgsc3BlbGwsUix8OCxzcGVsbCwxMjYxODY3LHNwZWxsLEYsfDkjNSx8MTAjNSx8MTEjNSx8MTIjNSx8MTMjNSx8MTQjNSx8MTUjNSx8MTYjNSx8MTcjNSx8MTgjNSx8MTkjNSx8MjAjNSx8MjEjNSx8MjIjNSx8MjMjNSx8MjQjNSx8MjUjNCxTSElGVC1aLHwyNiM0LFNISUZULVgsfDI3LHNwZWxsLDEzMjQ2OSxzcGVsbCxTSElGVC1DLHwyOCM0LFNISUZULVYsfDI5LHNwZWxsLDIyODEyLHNwZWxsLFosfDMwLHNwZWxsLDE4NTAsc3BlbGwsWCx8MzEsc3BlbGwsNTIxMSxzcGVsbCxDLHwzMixzcGVsbCw3ODY3NSxzcGVsbCxWLHwzMyM1LHwzNCM1LHwzNSM1LHwzNiM1LHwzNyxzcGVsbCwyMDk3NDksc3BlbGwsQUxULVosQ1RSTC1CVVRUT041fDM4IzQsQUxULVgsQ1RSTC1CVVRUT040fDM5LHNwZWxsLDQ3NDc1MCxzcGVsbCxBTFQtQyxBTFQtQlVUVE9ONXw0MCxzcGVsbCw3ODMsc3BlbGwsQUxULVYsQUxULUJVVFRPTjR8NDEsc3BlbGwsMTEyNixzcGVsbCxDVFJMLVosU0hJRlQtQlVUVE9ONXw0MixzcGVsbCw1MDc2OSxzcGVsbCxDVFJMLVgsU0hJRlQtQlVUVE9ONHw0MyxzcGVsbCwxMDIzODMsc3BlbGwsQ1RSTC1DLEJVVFRPTjV8NDQsc3BlbGwsNTIxNSxzcGVsbCxCVVRUT040LENUUkwtVnw0NSM1LHw0NiM1LHw0NyM1LHw0OCM1LHw0OSxzcGVsbCw4OTM2LHNwZWxsLENUUkwtMSx8NTAsc3BlbGwsNDg0Mzgsc3BlbGwsQ1RSTC0yLHw1MSxzcGVsbCwyOTE2NixzcGVsbCxDVFJMLTMsfDUyLHNwZWxsLDEyNjE4Njcsc3BlbGwsQ1RSTC00LHw1MyxzcGVsbCwyOTA4LHNwZWxsLENUUkwtUSx8NTQsc3BlbGwsMjc4MixzcGVsbCxDVFJMLUUsfDU1LHNwZWxsLDE2NDg2MixzcGVsbCxDVFJMLVIsfDU2LHNwZWxsLDIwNDg0LHNwZWxsLENUUkwtRix8NTcjNSx8NTgjNSx8NTkjNSx8NjAjNSx8NjEsc3BlbGwsMTk0MjIzLHNwZWxsLFNISUZULTEsfDYyLHNwZWxsLDM5MTUyOCxzcGVsbCxTSElGVC0yLHw2MyxzcGVsbCwyMDU2MzYsc3BlbGwsU0hJRlQtMyx8NjQsc3BlbGwsODg3NDcsc3BlbGwsU0hJRlQtNCx8NjUsc3BlbGwsMTA2ODk4LHNwZWxsLFNISUZULVEsfDY2LHNwZWxsLDEwMjM1OSxzcGVsbCxTSElGVC1FLHw2NyxzcGVsbCwzMzksc3BlbGwsU0hJRlQtUix8Njgsc3BlbGwsMjYzNyxzcGVsbCxTSElGVC1GLHw2OSM1LHw3MCM1LHw3MSM1LHw3MiM1LHw3MyxzcGVsbCw1MjIxLHNwZWxsLCx8NzQsc3BlbGwsMTgyMixzcGVsbCwsfDc1LHNwZWxsLDEwNzksc3BlbGwsLHw3NixzcGVsbCwyMjU2OCxzcGVsbCwsfDc3IzUsfDc4LHNwZWxsLDIxMzc2NCxzcGVsbCwsfDc5IzUsfDgwLHNwZWxsLDIyNTcwLHNwZWxsLCx8ODEjNSx8ODIjNSx8ODMjNSx8ODQjNSx8ODUjNSx8ODYjNSx8ODcsc3BlbGwsODkzNixzcGVsbCwsfDg4IzUsfDg5IzUsfDkwIzUsfDkxLHNwZWxsLDIwNDg0LHNwZWxsLCx8OTIjNSx8OTMjNSx8OTQsc3BlbGwsMTg1MCxzcGVsbCwsfDk1IzUsfDk2IzUsfDk3LHNwZWxsLDMzOTE3LHNwZWxsLCx8OTgsc3BlbGwsNzc3NTgsc3BlbGwsLHw5OSM1LHwxMDAsc3BlbGwsMjI4NDIsc3BlbGwsLHwxMDEsc3BlbGwsMTkyMDgxLHNwZWxsLCx8MTAyIzUsfDEwMyxzcGVsbCwyMTM3NjQsc3BlbGwsLHwxMDQsc3BlbGwsNjc5NSxzcGVsbCwsfDEwNSM1LHwxMDYjNSx8MTA3IzUsfDEwOCM1LHwxMDksc3BlbGwsMTkwOTg0LHNwZWxsLCx8MTEwLHNwZWxsLDE5NDE1MyxzcGVsbCwsfDExMSxzcGVsbCw4OTIxLHNwZWxsLCx8MTEyLHNwZWxsLDkzNDAyLHNwZWxsLCx8MTEzLHNwZWxsLDc4Njc0LHNwZWxsLCx8MTE0LHNwZWxsLDE5MTAzNCxzcGVsbCwsfDExNSxzcGVsbCwxMjMzMzQ2LHNwZWxsLCx8MTE2LHNwZWxsLDIwMjc3MCxzcGVsbCwsfDExNyM1LHwxMTgjNSx8MTE5IzUsfDEyMCM1LHwxMjEjNSx8MTIyIzUsfDEyMyM1LHwxMjQjNSx8MTI1IzUsfDEyNiM1LHwxMjcjNSx8MTI4IzUsfDEyOSM1LHwxMzAjNSx8MTMxIzUsfDEzMiM1LHwxMzMjNSx8MTM0IzUsfDEzNSM1LHwxMzYjNSx8MTM3IzUsfDEzOCM1LHwxMzkjNSx8MTQwIzUsfDE0MSM1LHwxNDIjNSx8MTQzIzUsfDE0NCM1LHwxNDUsbWFjcm8sMTIzMTQxMSwxMjMxNDExLCwsUlc1b1lXNWpaVkZ2VEVobFlXeDBhRTFoWTNKdixJM05vYjNkMGIyOXNkR2x3Q2k5allYTjBJRnR1YjJOdmJXSmhkRjBnVW1WamRYQmxjbUYwWlFvdlkyRnpkSE5sY1hWbGJtTmxJRnRqYjIxaVlYUmRJSEpsYzJWMFBXTnZiV0poZENCcGRHVnRPakkwTkRnek9BPT0sYXwxNDYsbWFjcm8sMTQ1LGl0ZW0sLCxSVzVvWVc1alpWRnZURVJ5YVc1clRXRmpjbTg9LEkzTm9iM2QwYjI5c2RHbHdDaTlqWVhOMGMyVnhkV1Z1WTJVZ2NtVnpaWFE5WTI5dFltRjBJR2wwWlcwNk1UY3lNRFl6LGF8MTQ3LG1hY3JvLDE0NixpdGVtLCwsUkdGdFlXZGxJRkJ2ZEE9PSxJM05vYjNkMGIyOXNkR2x3Q2k5MWMyVWdhWFJsYlRveU5ERXpNRGdLLGF8MTQ4LG1hY3JvLDExIzQsVUd4aFkyVm9iMnhrWlhJPSxVR3hoWTJWb2IyeGtaWElnYldGamNtOGdabTl5SUdsMFpXMXpJR3hwYTJVZ2JtbDBjbThnWW05dmMzUWdiM0lnYzJ4dmR5Qm1ZV3hzSUdOc2IyRnJMZ289LGF8MTQ5LG1hY3JvLDE0IzQsVkhKcGJtdGxkQ0F4LEkzTm9iM2QwYjI5c2RHbHdDaTkxYzJVZ1cwQmpkWEp6YjNKZE1UTUssYXwxNTAsc3BlbGwsNTg5ODQsc3BlbGwsLHwxNTEjNSx8MTUyIzUsfDE1MyM1LHwxNTQjNSx8MTU1IzUsfDE1NiM1LHwxNTcjNSx8MTU4IzUsfDE1OSM1LHwxNjAjNSx8MTYxIzUsfDE2MiM1LHwxNjMjNSx8MTY0IzUsfDE2NSM1LHwxNjYjNSx8MTY3IzUsfDE2OCM1LHwxNjkjNSx8MTcwIzUsfDE3MSM1LHwxNzIjNSx8MTczIzUsfDE3NCM1LHwxNzUjNSx8MTc2IzUsfDE3NyM1LHwxNzgjNSx8MTc5IzUsfDE4MCM1LHwxODEjNCw1LHwxODIjNCxgLHwxODMjNCxGMSx8MTg0IzQsRjIsfDE4NSM0LEYzLHwxODYjNCxGNCx8MTg3IzQsRjUsfDE4OCM0LEY2LHwxODkjNSx8MTkwIzUsfDE5MSM1LHwxOTIjNSw=
A9: Feral | B9: MSxzcGVsbCw3Njgsc3BlbGwsMSx8MixzcGVsbCw1MTc2LHNwZWxsLDIsfDMsc3BlbGwsMTU1NjI1LHNwZWxsLDMsfDQjNCw0LHw1LHNwZWxsLDc3NCxzcGVsbCxRLHw2LHNwZWxsLDg5MzYsc3BlbGwsRSx8NyxzcGVsbCw0ODQzOCxzcGVsbCxSLHw4LHNwZWxsLDEyNjE4Njcsc3BlbGwsRix8OSM1LHwxMCM1LHwxMSM1LHwxMiM1LHwxMyM1LHwxNCM1LHwxNSM1LHwxNiM1LHwxNyM1LHwxOCM1LHwxOSM1LHwyMCM1LHwyMSM1LHwyMiM1LHwyMyM1LHwyNCM1LHwyNSxzcGVsbCw2MTMzNixzcGVsbCxTSElGVC1aLHwyNiM0LFNISUZULVgsfDI3LHNwZWxsLDEzMjQ2OSxzcGVsbCxTSElGVC1DLHwyOCM0LFNISUZULVYsfDI5LHNwZWxsLDIyODEyLHNwZWxsLFosfDMwLHNwZWxsLDE4NTAsc3BlbGwsWCx8MzEsc3BlbGwsNTIxMSxzcGVsbCxDLHwzMixzcGVsbCwxMDY4Mzksc3BlbGwsVix8MzMjNSx8MzQjNSx8MzUjNSx8MzYjNSx8MzcjNCxBTFQtWixDVFJMLUJVVFRPTjV8MzgjNCxBTFQtWCxDVFJMLUJVVFRPTjR8Mzksc3BlbGwsNDc0NzUwLHNwZWxsLEFMVC1DLEFMVC1CVVRUT041fDQwLHNwZWxsLDc4MyxzcGVsbCxBTFQtVixBTFQtQlVUVE9ONHw0MSxzcGVsbCwxMTI2LHNwZWxsLENUUkwtWixTSElGVC1CVVRUT041fDQyLHNwZWxsLDUwNzY5LHNwZWxsLENUUkwtWCxTSElGVC1CVVRUT040fDQzLHNwZWxsLDQ5Mzc2LHNwZWxsLENUUkwtQyxCVVRUT041fDQ0LHNwZWxsLDUyMTUsc3BlbGwsQlVUVE9ONCxDVFJMLVZ8NDUjNSx8NDYjNSx8NDcjNSx8NDgjNSx8NDksc3BlbGwsODkzNixzcGVsbCxDVFJMLTEsfDUwLHNwZWxsLDIyODQyLHNwZWxsLENUUkwtMix8NTEsc3BlbGwsMjkxNjYsc3BlbGwsQ1RSTC0zLHw1MixzcGVsbCwxMjYxODY3LHNwZWxsLENUUkwtNCx8NTMsc3BlbGwsMjkwOCxzcGVsbCxDVFJMLVEsfDU0LHNwZWxsLDI3ODIsc3BlbGwsQ1RSTC1FLHw1NSxzcGVsbCwxNjQ4NjIsc3BlbGwsQ1RSTC1SLHw1NixzcGVsbCwyMDQ4NCxzcGVsbCxDVFJMLUYsfDU3IzUsfDU4IzUsfDU5IzUsfDYwIzUsfDYxLHNwZWxsLDEwNjk1MSxzcGVsbCxTSElGVC0xLHw2MixzcGVsbCwzOTE1Mjgsc3BlbGwsU0hJRlQtMix8NjMsc3BlbGwsMTU1NjI1LHNwZWxsLFNISUZULTMsfDY0LHNwZWxsLDIyNTcwLHNwZWxsLFNISUZULTQsfDY1LHNwZWxsLDc3NzY0LHNwZWxsLFNISUZULVEsfDY2LHNwZWxsLDEwMjc5MyxzcGVsbCxTSElGVC1FLHw2NyxzcGVsbCwzMzksc3BlbGwsU0hJRlQtUix8Njgsc3BlbGwsMjYzNyxzcGVsbCxTSElGVC1GLHw2OSM1LHw3MCM1LHw3MSM1LHw3MiM1LHw3MyxzcGVsbCw1MjIxLHNwZWxsLCx8NzQsc3BlbGwsMTgyMixzcGVsbCwsfDc1LHNwZWxsLDEwNzksc3BlbGwsLHw3NixzcGVsbCwyMjU2OCxzcGVsbCwsfDc3LHNwZWxsLDUyMTcsc3BlbGwsLHw3OCxzcGVsbCwyNzQ4Mzcsc3BlbGwsLHw3OSxzcGVsbCwxMDY3ODUsc3BlbGwsLHw4MCxzcGVsbCwyODUzODEsc3BlbGwsLHw4MSM1LHw4MiM1LHw4MyM1LHw4NCM1LHw4NSM1LHw4NiM1LHw4NyM1LHw4OCM1LHw4OSM1LHw5MCM1LHw5MSM1LHw5MiM1LHw5MyM1LHw5NCM1LHw5NSM1LHw5NiM1LHw5NyxzcGVsbCwzMzkxNyxzcGVsbCwsfDk4LHNwZWxsLDc3NzU4LHNwZWxsLCx8OTkjNSx8MTAwLHNwZWxsLDIyODQyLHNwZWxsLCx8MTAxLHNwZWxsLDE5MjA4MSxzcGVsbCwsfDEwMiM1LHwxMDMsc3BlbGwsMTA2Nzg1LHNwZWxsLCx8MTA0LHNwZWxsLDY3OTUsc3BlbGwsLHwxMDUjNSx8MTA2IzUsfDEwNyM1LHwxMDgjNSx8MTA5IzUsfDExMCM1LHwxMTEjNSx8MTEyIzUsfDExMyM1LHwxMTQjNSx8MTE1IzUsfDExNiM1LHwxMTcjNSx8MTE4IzUsfDExOSM1LHwxMjAjNSx8MTIxLHNwZWxsLDM3MjYwOCxzcGVsbCwsfDEyMixzcGVsbCwzNzI2MTAsc3BlbGwsLHwxMjMsc3BlbGwsMzYxNTg0LHNwZWxsLCx8MTI0IzUsfDEyNSM1LHwxMjYjNSx8MTI3IzUsfDEyOCM1LHwxMjkjNSx8MTMwIzUsfDEzMSM1LHwxMzIjNSx8MTMzIzUsfDEzNCM1LHwxMzUjNSx8MTM2IzUsfDEzNyM1LHwxMzgjNSx8MTM5IzUsfDE0MCM1LHwxNDEjNSx8MTQyIzUsfDE0MyM1LHwxNDQjNSx8MTQ1LG1hY3JvLDEyMzE0MTEsMTIzMTQxMSwsLFJXNW9ZVzVqWlZGdlRFaGxZV3gwYUUxaFkzSnYsSTNOb2IzZDBiMjlzZEdsd0NpOWpZWE4wSUZ0dWIyTnZiV0poZEYwZ1VtVmpkWEJsY21GMFpRb3ZZMkZ6ZEhObGNYVmxibU5sSUZ0amIyMWlZWFJkSUhKbGMyVjBQV052YldKaGRDQnBkR1Z0T2pJME5EZ3pPQT09LGF8MTQ2LG1hY3JvLDE0NSxpdGVtLCwsUlc1b1lXNWpaVkZ2VEVSeWFXNXJUV0ZqY204PSxJM05vYjNkMGIyOXNkR2x3Q2k5allYTjBjMlZ4ZFdWdVkyVWdjbVZ6WlhROVkyOXRZbUYwSUdsMFpXMDZNVGN5TURZeixhfDE0NyxtYWNybywxNDYsaXRlbSwsLFJHRnRZV2RsSUZCdmRBPT0sSTNOb2IzZDBiMjlzZEdsd0NpOTFjMlVnYVhSbGJUb3lOREV6TURnSyxhfDE0OCxtYWNybywxMSM0LFVHeGhZMlZvYjJ4a1pYST0sVUd4aFkyVm9iMnhrWlhJZ2JXRmpjbThnWm05eUlHbDBaVzF6SUd4cGEyVWdibWwwY204Z1ltOXZjM1FnYjNJZ2MyeHZkeUJtWVd4c0lHTnNiMkZyTGdvPSxhfDE0OSxtYWNybywxNCM0LFZISnBibXRsZENBeCxJM05vYjNkMGIyOXNkR2x3Q2k5MWMyVWdXMEJqZFhKemIzSmRNVE1LLGF8MTUwLHNwZWxsLDU4OTg0LHNwZWxsLCx8MTUxIzUsfDE1MiM1LHwxNTMjNSx8MTU0IzUsfDE1NSM1LHwxNTYjNSx8MTU3IzUsfDE1OCM1LHwxNTkjNSx8MTYwIzUsfDE2MSM1LHwxNjIjNSx8MTYzIzUsfDE2NCM1LHwxNjUjNSx8MTY2IzUsfDE2NyM1LHwxNjgjNSx8MTY5IzUsfDE3MCM1LHwxNzEjNSx8MTcyIzUsfDE3MyM1LHwxNzQjNSx8MTc1IzUsfDE3NiM1LHwxNzcjNSx8MTc4IzUsfDE3OSM1LHwxODAjNSw= | C9: MCxfaGVhZGVyLGRydWlkLDEwMywsfDEsc3BlbGwsNzY4LHNwZWxsLDEsfDIsc3BlbGwsNTE3NixzcGVsbCwyLHwzLHNwZWxsLDE1NTYyNSxzcGVsbCwzLHw0IzQsNCx8NSxzcGVsbCw3NzQsc3BlbGwsUSx8NixzcGVsbCw4OTM2LHNwZWxsLEUsfDcsc3BlbGwsNDg0Mzgsc3BlbGwsUix8OCxzcGVsbCwxMjYxODY3LHNwZWxsLEYsfDkjNSx8MTAjNSx8MTEjNSx8MTIjNSx8MTMjNSx8MTQjNSx8MTUjNSx8MTYjNSx8MTcjNSx8MTgjNSx8MTkjNSx8MjAjNSx8MjEjNSx8MjIjNSx8MjMjNSx8MjQjNSx8MjUsc3BlbGwsNjEzMzYsc3BlbGwsU0hJRlQtWix8MjYjNCxTSElGVC1YLHwyNyxzcGVsbCwxMzI0Njksc3BlbGwsU0hJRlQtQyx8MjgjNCxTSElGVC1WLHwyOSxzcGVsbCwyMjgxMixzcGVsbCxaLHwzMCxzcGVsbCwxODUwLHNwZWxsLFgsfDMxLHNwZWxsLDUyMTEsc3BlbGwsQyx8MzIsc3BlbGwsMTA2ODM5LHNwZWxsLFYsfDMzIzUsfDM0IzUsfDM1IzUsfDM2IzUsfDM3IzQsQUxULVosQ1RSTC1CVVRUT041fDM4IzQsQUxULVgsQ1RSTC1CVVRUT040fDM5LHNwZWxsLDQ3NDc1MCxzcGVsbCxBTFQtQyxBTFQtQlVUVE9ONXw0MCxzcGVsbCw3ODMsc3BlbGwsQUxULVYsQUxULUJVVFRPTjR8NDEsc3BlbGwsMTEyNixzcGVsbCxDVFJMLVosU0hJRlQtQlVUVE9ONXw0MixzcGVsbCw1MDc2OSxzcGVsbCxDVFJMLVgsU0hJRlQtQlVUVE9ONHw0MyxzcGVsbCw0OTM3NixzcGVsbCxDVFJMLUMsQlVUVE9ONXw0NCxzcGVsbCw1MjE1LHNwZWxsLEJVVFRPTjQsQ1RSTC1WfDQ1IzUsfDQ2IzUsfDQ3IzUsfDQ4IzUsfDQ5LHNwZWxsLDg5MzYsc3BlbGwsQ1RSTC0xLHw1MCxzcGVsbCwyMjg0MixzcGVsbCxDVFJMLTIsfDUxLHNwZWxsLDI5MTY2LHNwZWxsLENUUkwtMyx8NTIsc3BlbGwsMTI2MTg2NyxzcGVsbCxDVFJMLTQsfDUzLHNwZWxsLDI5MDgsc3BlbGwsQ1RSTC1RLHw1NCxzcGVsbCwyNzgyLHNwZWxsLENUUkwtRSx8NTUsc3BlbGwsMTY0ODYyLHNwZWxsLENUUkwtUix8NTYsc3BlbGwsMjA0ODQsc3BlbGwsQ1RSTC1GLHw1NyM1LHw1OCM1LHw1OSM1LHw2MCM1LHw2MSxzcGVsbCwxMDY5NTEsc3BlbGwsU0hJRlQtMSx8NjIsc3BlbGwsMzkxNTI4LHNwZWxsLFNISUZULTIsfDYzLHNwZWxsLDE1NTYyNSxzcGVsbCxTSElGVC0zLHw2NCxzcGVsbCwyMjU3MCxzcGVsbCxTSElGVC00LHw2NSxzcGVsbCw3Nzc2NCxzcGVsbCxTSElGVC1RLHw2NixzcGVsbCwxMDI3OTMsc3BlbGwsU0hJRlQtRSx8Njcsc3BlbGwsMzM5LHNwZWxsLFNISUZULVIsfDY4LHNwZWxsLDI2Mzcsc3BlbGwsU0hJRlQtRix8NjkjNSx8NzAjNSx8NzEjNSx8NzIjNSx8NzMsc3BlbGwsNTIyMSxzcGVsbCwsfDc0LHNwZWxsLDE4MjIsc3BlbGwsLHw3NSxzcGVsbCwxMDc5LHNwZWxsLCx8NzYsc3BlbGwsMjI1Njgsc3BlbGwsLHw3NyxzcGVsbCw1MjE3LHNwZWxsLCx8Nzgsc3BlbGwsMjc0ODM3LHNwZWxsLCx8Nzksc3BlbGwsMTA2Nzg1LHNwZWxsLCx8ODAsc3BlbGwsMjg1MzgxLHNwZWxsLCx8ODEjNSx8ODIjNSx8ODMjNSx8ODQjNSx8ODUjNSx8ODYjNSx8ODcjNSx8ODgjNSx8ODkjNSx8OTAjNSx8OTEjNSx8OTIjNSx8OTMjNSx8OTQjNSx8OTUjNSx8OTYjNSx8OTcsc3BlbGwsMzM5MTcsc3BlbGwsLHw5OCxzcGVsbCw3Nzc1OCxzcGVsbCwsfDk5IzUsfDEwMCxzcGVsbCwyMjg0MixzcGVsbCwsfDEwMSxzcGVsbCwxOTIwODEsc3BlbGwsLHwxMDIjNSx8MTAzLHNwZWxsLDEwNjc4NSxzcGVsbCwsfDEwNCxzcGVsbCw2Nzk1LHNwZWxsLCx8MTA1IzUsfDEwNiM1LHwxMDcjNSx8MTA4IzUsfDEwOSM1LHwxMTAjNSx8MTExIzUsfDExMiM1LHwxMTMjNSx8MTE0IzUsfDExNSM1LHwxMTYjNSx8MTE3IzUsfDExOCM1LHwxMTkjNSx8MTIwIzUsfDEyMSxzcGVsbCwzNzI2MDgsc3BlbGwsLHwxMjIsc3BlbGwsMzcyNjEwLHNwZWxsLCx8MTIzLHNwZWxsLDM2MTU4NCxzcGVsbCwsfDEyNCM1LHwxMjUjNSx8MTI2IzUsfDEyNyM1LHwxMjgjNSx8MTI5IzUsfDEzMCM1LHwxMzEjNSx8MTMyIzUsfDEzMyM1LHwxMzQjNSx8MTM1IzUsfDEzNiM1LHwxMzcjNSx8MTM4IzUsfDEzOSM1LHwxNDAjNSx8MTQxIzUsfDE0MiM1LHwxNDMjNSx8MTQ0IzUsfDE0NSxtYWNybywxMjMxNDExLDEyMzE0MTEsLCxSVzVvWVc1alpWRnZURWhsWVd4MGFFMWhZM0p2LEkzTm9iM2QwYjI5c2RHbHdDaTlqWVhOMElGdHViMk52YldKaGRGMGdVbVZqZFhCbGNtRjBaUW92WTJGemRITmxjWFZsYm1ObElGdGpiMjFpWVhSZElISmxjMlYwUFdOdmJXSmhkQ0JwZEdWdE9qSTBORGd6T0E9PSxhfDE0NixtYWNybywxNDUsaXRlbSwsLFJXNW9ZVzVqWlZGdlRFUnlhVzVyVFdGamNtOD0sSTNOb2IzZDBiMjlzZEdsd0NpOWpZWE4wYzJWeGRXVnVZMlVnY21WelpYUTlZMjl0WW1GMElHbDBaVzA2TVRjeU1EWXosYXwxNDcsbWFjcm8sMTQ2LGl0ZW0sLCxSR0Z0WVdkbElGQnZkQT09LEkzTm9iM2QwYjI5c2RHbHdDaTkxYzJVZ2FYUmxiVG95TkRFek1EZ0ssYXwxNDgsbWFjcm8sMTEjNCxVR3hoWTJWb2IyeGtaWEk9LFVHeGhZMlZvYjJ4a1pYSWdiV0ZqY204Z1ptOXlJR2wwWlcxeklHeHBhMlVnYm1sMGNtOGdZbTl2YzNRZ2IzSWdjMnh2ZHlCbVlXeHNJR05zYjJGckxnbz0sYXwxNDksbWFjcm8sMTQjNCxWSEpwYm10bGRDQXgsSTNOb2IzZDBiMjlzZEdsd0NpOTFjMlVnVzBCamRYSnpiM0pkTVRNSyxhfDE1MCxzcGVsbCw1ODk4NCxzcGVsbCwsfDE1MSM1LHwxNTIjNSx8MTUzIzUsfDE1NCM1LHwxNTUjNSx8MTU2IzUsfDE1NyM1LHwxNTgjNSx8MTU5IzUsfDE2MCM1LHwxNjEjNSx8MTYyIzUsfDE2MyM1LHwxNjQjNSx8MTY1IzUsfDE2NiM1LHwxNjcjNSx8MTY4IzUsfDE2OSM1LHwxNzAjNSx8MTcxIzUsfDE3MiM1LHwxNzMjNSx8MTc0IzUsfDE3NSM1LHwxNzYjNSx8MTc3IzUsfDE3OCM1LHwxNzkjNSx8MTgwIzUsfDE4MSM0LDUsfDE4MiM0LGAsfDE4MyM0LEYxLHwxODQjNCxGMix8MTg1IzQsRjMsfDE4NiM0LEY0LHwxODcjNCxGNSx8MTg4IzQsRjYsfDE4OSM1LHwxOTAjNSx8MTkxIzUsfDE5MiM1LA==
A10: Guardian | B10: MSxzcGVsbCw1NDg3LHNwZWxsLDEsfDIsc3BlbGwsNTE3NixzcGVsbCwyLHwzLHNwZWxsLDg5MjEsc3BlbGwsMyx8NCM0LDQsfDUsc3BlbGwsODkzNixzcGVsbCxRLHw2LHNwZWxsLDc3NCxzcGVsbCxFLHw3LHNwZWxsLDQ4NDM4LHNwZWxsLFIsfDgsc3BlbGwsMTI2MTg2NyxzcGVsbCxGLHw5IzUsfDEwIzUsfDExIzUsfDEyIzUsfDEzIzUsfDE0IzUsfDE1IzUsfDE2IzUsfDE3IzUsfDE4IzUsfDE5IzUsfDIwIzUsfDIxIzUsfDIyIzUsfDIzIzUsfDI0IzUsfDI1LHNwZWxsLDYxMzM2LHNwZWxsLFNISUZULVosfDI2IzQsU0hJRlQtWCx8Mjcsc3BlbGwsMTMyNDY5LHNwZWxsLFNISUZULUMsfDI4IzQsU0hJRlQtVix8Mjksc3BlbGwsMjI4MTIsc3BlbGwsWix8MzAsc3BlbGwsMTg1MCxzcGVsbCxYLHwzMSxzcGVsbCw5OSxzcGVsbCxDLHwzMixzcGVsbCwxMDY4Mzksc3BlbGwsVix8MzMjNSx8MzQjNSx8MzUjNSx8MzYjNSx8MzcjNCxBTFQtWixDVFJMLUJVVFRPTjV8MzgjNCxBTFQtWCxDVFJMLUJVVFRPTjR8MzkjNCxBTFQtQyxBTFQtQlVUVE9ONXw0MCM0LEFMVC1WLEFMVC1CVVRUT040fDQxLHNwZWxsLDExMjYsc3BlbGwsQ1RSTC1aLFNISUZULUJVVFRPTjV8NDIsc3BlbGwsNTA3Njksc3BlbGwsQ1RSTC1YLFNISUZULUJVVFRPTjR8NDMsc3BlbGwsMTY5Nzksc3BlbGwsQ1RSTC1DLEJVVFRPTjV8NDQsc3BlbGwsNjc5NSxzcGVsbCxCVVRUT040LENUUkwtVnw0NSM1LHw0NiM1LHw0NyxzcGVsbCw1ODk4NCxzcGVsbCwsfDQ4IzUsfDQ5LHNwZWxsLDg5MzYsc3BlbGwsQ1RSTC0xLHw1MCM0LENUUkwtMix8NTEsc3BlbGwsMjkxNjYsc3BlbGwsQ1RSTC0zLHw1MixzcGVsbCwxMjYxODY3LHNwZWxsLENUUkwtNCx8NTMsc3BlbGwsMjkwOCxzcGVsbCxDVFJMLVEsfDU0LHNwZWxsLDI3ODIsc3BlbGwsQ1RSTC1FLHw1NSxzcGVsbCw1MjE1LHNwZWxsLENUUkwtUix8NTYsc3BlbGwsMjA0ODQsc3BlbGwsQ1RSTC1GLHw1NyM1LHw1OCM1LHw1OSM1LHw2MCM1LHw2MSxzcGVsbCw1MDMzNCxzcGVsbCxTSElGVC0xLHw2MixzcGVsbCwzOTE1Mjgsc3BlbGwsU0hJRlQtMix8NjMsc3BlbGwsMTI1Mzc5OSxzcGVsbCxTSElGVC0zLHw2NCxzcGVsbCwxNTU4MzUsc3BlbGwsU0hJRlQtNCx8NjUsc3BlbGwsNzc3NjEsc3BlbGwsU0hJRlQtUSx8NjYsc3BlbGwsMTAyNzkzLHNwZWxsLFNISUZULUUsfDY3LHNwZWxsLDMzOSxzcGVsbCxTSElGVC1SLHw2OCxzcGVsbCwyNjM3LHNwZWxsLFNISUZULUYsfDY5IzUsfDcwIzUsfDcxIzUsfDcyIzUsfDczLHNwZWxsLDUyMjEsc3BlbGwsLHw3NCxzcGVsbCwxODIyLHNwZWxsLCx8NzUsc3BlbGwsMTA3OSxzcGVsbCwsfDc2IzUsfDc3IzUsfDc4IzUsfDc5LHNwZWxsLDIxMzc3MSxzcGVsbCwsfDgwLHNwZWxsLDIyNTcwLHNwZWxsLCx8ODEjNSx8ODIjNSx8ODMjNSx8ODQjNSx8ODUjNSx8ODYjNSx8ODcjNSx8ODgjNSx8ODkjNSx8OTAjNSx8OTEjNSx8OTIjNSx8OTMjNSx8OTQjNSx8OTUjNSx8OTYjNSx8OTcsc3BlbGwsMzM5MTcsc3BlbGwsLHw5OCxzcGVsbCw3Nzc1OCxzcGVsbCwsfDk5LHNwZWxsLDQwMDI1NCxzcGVsbCwsfDEwMCxzcGVsbCwyMjg0MixzcGVsbCwsfDEwMSxzcGVsbCwxOTIwODEsc3BlbGwsLHwxMDIsc3BlbGwsODkyMSxzcGVsbCwsfDEwMyxzcGVsbCwyMTM3NzEsc3BlbGwsLHwxMDQsc3BlbGwsMjA0MDY2LHNwZWxsLCx8MTA1IzUsfDEwNiM1LHwxMDcjNSx8MTA4IzUsfDEwOSM1LHwxMTAjNSx8MTExIzUsfDExMiM1LHwxMTMjNSx8MTE0IzUsfDExNSM1LHwxMTYjNSx8MTE3IzUsfDExOCM1LHwxMTkjNSx8MTIwIzUsfDEyMSxzcGVsbCwzNzI2MDgsc3BlbGwsLHwxMjIsc3BlbGwsMzcyNjEwLHNwZWxsLCx8MTIzLHNwZWxsLDM2MTU4NCxzcGVsbCwsfDEyNCM1LHwxMjUjNSx8MTI2LHNwZWxsLDQyNTc4MixzcGVsbCwsfDEyNyM1LHwxMjgjNSx8MTI5IzUsfDEzMCM1LHwxMzEjNSx8MTMyIzUsfDEzMyM1LHwxMzQjNSx8MTM1IzUsfDEzNiM1LHwxMzcjNSx8MTM4IzUsfDEzOSM1LHwxNDAjNSx8MTQxIzUsfDE0MiM1LHwxNDMjNSx8MTQ0IzUsfDE0NSxtYWNybywxMjMxNDExLDEyMzE0MTEsLCxSVzVvWVc1alpWRnZURWhsWVd4MGFFMWhZM0p2LEkzTm9iM2QwYjI5c2RHbHdDaTlqWVhOMElGdHViMk52YldKaGRGMGdVbVZqZFhCbGNtRjBaUW92WTJGemRITmxjWFZsYm1ObElGdGpiMjFpWVhSZElISmxjMlYwUFdOdmJXSmhkQ0JwZEdWdE9qSTBORGd6T0E9PSxhfDE0NixtYWNybywxNDUsaXRlbSwsLFJXNW9ZVzVqWlZGdlRFUnlhVzVyVFdGamNtOD0sSTNOb2IzZDBiMjlzZEdsd0NpOWpZWE4wYzJWeGRXVnVZMlVnY21WelpYUTlZMjl0WW1GMElHbDBaVzA2TVRjeU1EWXosYXwxNDcsbWFjcm8sMTQ2LGl0ZW0sLCxSR0Z0WVdkbElGQnZkQT09LEkzTm9iM2QwYjI5c2RHbHdDaTkxYzJVZ2FYUmxiVG95TkRFek1EZ0ssYXwxNDgsbWFjcm8sMTEjNCxVR3hoWTJWb2IyeGtaWEk9LFVHeGhZMlZvYjJ4a1pYSWdiV0ZqY204Z1ptOXlJR2wwWlcxeklHeHBhMlVnYm1sMGNtOGdZbTl2YzNRZ2IzSWdjMnh2ZHlCbVlXeHNJR05zYjJGckxnbz0sYXwxNDksbWFjcm8sMTQjNCxWSEpwYm10bGRDQXgsSTNOb2IzZDBiMjlzZEdsd0NpOTFjMlVnVzBCamRYSnpiM0pkTVRNSyxhfDE1MCxzcGVsbCw1ODk4NCxzcGVsbCwsfDE1MSM1LHwxNTIjNSx8MTUzIzUsfDE1NCM1LHwxNTUjNSx8MTU2IzUsfDE1NyM1LHwxNTgjNSx8MTU5IzUsfDE2MCM1LHwxNjEjNSx8MTYyIzUsfDE2MyM1LHwxNjQjNSx8MTY1IzUsfDE2NiM1LHwxNjcjNSx8MTY4IzUsfDE2OSM1LHwxNzAjNSx8MTcxIzUsfDE3MiM1LHwxNzMjNSx8MTc0IzUsfDE3NSM1LHwxNzYjNSx8MTc3IzUsfDE3OCM1LHwxNzkjNSx8MTgwIzUs | C10: MCxfaGVhZGVyLGRydWlkLDEwNCwsfDEsc3BlbGwsNTQ4NyxzcGVsbCwxLHwyLHNwZWxsLDUxNzYsc3BlbGwsMix8MyxzcGVsbCw4OTIxLHNwZWxsLDMsfDQjNCw0LHw1LHNwZWxsLDg5MzYsc3BlbGwsUSx8NixzcGVsbCw3NzQsc3BlbGwsRSx8NyxzcGVsbCw0ODQzOCxzcGVsbCxSLHw4LHNwZWxsLDEyNjE4Njcsc3BlbGwsRix8OSM1LHwxMCM1LHwxMSM1LHwxMiM1LHwxMyM1LHwxNCM1LHwxNSM1LHwxNiM1LHwxNyM1LHwxOCM1LHwxOSM1LHwyMCM1LHwyMSM1LHwyMiM1LHwyMyM1LHwyNCM1LHwyNSxzcGVsbCw2MTMzNixzcGVsbCxTSElGVC1aLHwyNiM0LFNISUZULVgsfDI3LHNwZWxsLDEzMjQ2OSxzcGVsbCxTSElGVC1DLHwyOCM0LFNISUZULVYsfDI5LHNwZWxsLDIyODEyLHNwZWxsLFosfDMwLHNwZWxsLDE4NTAsc3BlbGwsWCx8MzEsc3BlbGwsOTksc3BlbGwsQyx8MzIsc3BlbGwsMTA2ODM5LHNwZWxsLFYsfDMzIzUsfDM0IzUsfDM1IzUsfDM2IzUsfDM3LHNwZWxsLDM1NDY1NCxzcGVsbCxBTFQtWixDVFJMLUJVVFRPTjV8Mzgsc3BlbGwsMjAxNjY0LHNwZWxsLEFMVC1YLENUUkwtQlVUVE9ONHwzOSxzcGVsbCw0NzQ3NTAsc3BlbGwsQUxULUMsQUxULUJVVFRPTjV8NDAsc3BlbGwsNzgzLHNwZWxsLEFMVC1WLEFMVC1CVVRUT040fDQxLHNwZWxsLDExMjYsc3BlbGwsQ1RSTC1aLFNISUZULUJVVFRPTjV8NDIsc3BlbGwsNTA3Njksc3BlbGwsQ1RSTC1YLFNISUZULUJVVFRPTjR8NDMsc3BlbGwsMTAyNDAxLHNwZWxsLENUUkwtQyxCVVRUT041fDQ0LHNwZWxsLDY3OTUsc3BlbGwsQlVUVE9ONCxDVFJMLVZ8NDUjNSx8NDYjNSx8NDcjNSx8NDgjNSx8NDksc3BlbGwsODkzNixzcGVsbCxDVFJMLTEsfDUwIzQsQ1RSTC0yLHw1MSxzcGVsbCwyOTE2NixzcGVsbCxDVFJMLTMsfDUyLHNwZWxsLDEyNjE4Njcsc3BlbGwsQ1RSTC00LHw1MyxzcGVsbCwyOTA4LHNwZWxsLENUUkwtUSx8NTQsc3BlbGwsMjc4MixzcGVsbCxDVFJMLUUsfDU1LHNwZWxsLDUyMTUsc3BlbGwsQ1RSTC1SLHw1NixzcGVsbCwyMDQ4NCxzcGVsbCxDVFJMLUYsfDU3IzUsfDU4IzUsfDU5IzUsfDYwIzUsfDYxLHNwZWxsLDUwMzM0LHNwZWxsLFNISUZULTEsfDYyLHNwZWxsLDM5MTUyOCxzcGVsbCxTSElGVC0yLHw2MyxzcGVsbCwxMjUzNzk5LHNwZWxsLFNISUZULTMsfDY0LHNwZWxsLDE1NTgzNSxzcGVsbCxTSElGVC00LHw2NSxzcGVsbCwxMDY4OTgsc3BlbGwsU0hJRlQtUSx8NjYsc3BlbGwsMTAyNzkzLHNwZWxsLFNISUZULUUsfDY3LHNwZWxsLDMzOSxzcGVsbCxTSElGVC1SLHw2OCxzcGVsbCwyNjM3LHNwZWxsLFNISUZULUYsfDY5IzUsfDcwIzUsfDcxIzUsfDcyIzUsfDczLHNwZWxsLDUyMjEsc3BlbGwsLHw3NCxzcGVsbCwxODIyLHNwZWxsLCx8NzUsc3BlbGwsMTA3OSxzcGVsbCwsfDc2IzUsfDc3IzUsfDc4IzUsfDc5LHNwZWxsLDIxMzc2NCxzcGVsbCwsfDgwLHNwZWxsLDIyNTcwLHNwZWxsLCx8ODEjNSx8ODIjNSx8ODMjNSx8ODQjNSx8ODUjNSx8ODYjNSx8ODcjNSx8ODgjNSx8ODkjNSx8OTAjNSx8OTEjNSx8OTIjNSx8OTMjNSx8OTQjNSx8OTUjNSx8OTYjNSx8OTcsc3BlbGwsMzM5MTcsc3BlbGwsLHw5OCxzcGVsbCw3Nzc1OCxzcGVsbCwsfDk5LHNwZWxsLDQwMDI1NCxzcGVsbCwsfDEwMCxzcGVsbCwyMjg0MixzcGVsbCwsfDEwMSxzcGVsbCwxOTIwODEsc3BlbGwsLHwxMDIsc3BlbGwsODkyMSxzcGVsbCwsfDEwMyxzcGVsbCwyMTM3NjQsc3BlbGwsLHwxMDQsc3BlbGwsMjA0MDY2LHNwZWxsLCx8MTA1IzUsfDEwNiM1LHwxMDcjNSx8MTA4IzUsfDEwOSM1LHwxMTAjNSx8MTExIzUsfDExMiM1LHwxMTMjNSx8MTE0IzUsfDExNSM1LHwxMTYjNSx8MTE3IzUsfDExOCM1LHwxMTkjNSx8MTIwIzUsfDEyMSxzcGVsbCwzNzI2MDgsc3BlbGwsLHwxMjIsc3BlbGwsMzcyNjEwLHNwZWxsLCx8MTIzLHNwZWxsLDM2MTU4NCxzcGVsbCwsfDEyNCM1LHwxMjUjNSx8MTI2LHNwZWxsLDQyNTc4MixzcGVsbCwsfDEyNyM1LHwxMjgjNSx8MTI5IzUsfDEzMCM1LHwxMzEjNSx8MTMyIzUsfDEzMyM1LHwxMzQjNSx8MTM1IzUsfDEzNiM1LHwxMzcjNSx8MTM4IzUsfDEzOSM1LHwxNDAjNSx8MTQxIzUsfDE0MiM1LHwxNDMjNSx8MTQ0IzUsfDE0NSxtYWNybywxMjMxNDExLDEyMzE0MTEsLCxSVzVvWVc1alpWRnZURWhsWVd4MGFFMWhZM0p2LEkzTm9iM2QwYjI5c2RHbHdDaTlqWVhOMElGdHViMk52YldKaGRGMGdVbVZqZFhCbGNtRjBaUW92WTJGemRITmxjWFZsYm1ObElGdGpiMjFpWVhSZElISmxjMlYwUFdOdmJXSmhkQ0JwZEdWdE9qSTBORGd6T0E9PSxhfDE0NixtYWNybywxNDUsaXRlbSwsLFJXNW9ZVzVqWlZGdlRFUnlhVzVyVFdGamNtOD0sSTNOb2IzZDBiMjlzZEdsd0NpOWpZWE4wYzJWeGRXVnVZMlVnY21WelpYUTlZMjl0WW1GMElHbDBaVzA2TVRjeU1EWXosYXwxNDcsbWFjcm8sMTQ2LGl0ZW0sLCxSR0Z0WVdkbElGQnZkQT09LEkzTm9iM2QwYjI5c2RHbHdDaTkxYzJVZ2FYUmxiVG95TkRFek1EZ0ssYXwxNDgsbWFjcm8sMTEjNCxVR3hoWTJWb2IyeGtaWEk9LFVHeGhZMlZvYjJ4a1pYSWdiV0ZqY204Z1ptOXlJR2wwWlcxeklHeHBhMlVnYm1sMGNtOGdZbTl2YzNRZ2IzSWdjMnh2ZHlCbVlXeHNJR05zYjJGckxnbz0sYXwxNDksbWFjcm8sMTQjNCxWSEpwYm10bGRDQXgsSTNOb2IzZDBiMjlzZEdsd0NpOTFjMlVnVzBCamRYSnpiM0pkTVRNSyxhfDE1MCxzcGVsbCw1ODk4NCxzcGVsbCwsfDE1MSM1LHwxNTIjNSx8MTUzIzUsfDE1NCM1LHwxNTUjNSx8MTU2IzUsfDE1NyM1LHwxNTgjNSx8MTU5IzUsfDE2MCM1LHwxNjEjNSx8MTYyIzUsfDE2MyM1LHwxNjQjNSx8MTY1IzUsfDE2NiM1LHwxNjcjNSx8MTY4IzUsfDE2OSM1LHwxNzAjNSx8MTcxIzUsfDE3MiM1LHwxNzMjNSx8MTc0IzUsfDE3NSM1LHwxNzYjNSx8MTc3IzUsfDE3OCM1LHwxNzkjNSx8MTgwIzUsfDE4MSM0LDUsfDE4MiM0LGAsfDE4MyM0LEYxLHwxODQjNCxGMix8MTg1IzQsRjMsfDE4NiM0LEY0LHwxODcjNCxGNSx8MTg4IzQsRjYsfDE4OSM1LHwxOTAjNSx8MTkxIzUsfDE5MiM1LA==
A11: Restoration | B11: MSxzcGVsbCw1MTc2LHNwZWxsLDEsfDIsc3BlbGwsMTk3NjI4LHNwZWxsLDIsfDMsc3BlbGwsODkyMSxzcGVsbCwzLHw0LHNwZWxsLDkzNDAyLHNwZWxsLDQsfDUsc3BlbGwsNzc0LHNwZWxsLFEsfDYsc3BlbGwsODkzNixzcGVsbCxFLHw3LHNwZWxsLDMzNzYzLHNwZWxsLFIsfDgsc3BlbGwsMTg1NjIsc3BlbGwsRix8OSxzcGVsbCwxMjE3OTQxLHNwZWxsLCx8MTAjNSx8MTEjNSx8MTIjNSx8MTMjNSx8MTQjNSx8MTUjNSx8MTYjNSx8MTcjNSx8MTgjNSx8MTkjNSx8MjAjNSx8MjEjNSx8MjIjNSx8MjMjNSx8MjQjNSx8MjUjNCxTSElGVC1aLHwyNiM0LFNISUZULVgsfDI3LHNwZWxsLDEzMjQ2OSxzcGVsbCxTSElGVC1DLHwyOCM0LFNISUZULVYsfDI5LHNwZWxsLDIyODEyLHNwZWxsLFosfDMwLHNwZWxsLDE4NTAsc3BlbGwsWCx8MzEsc3BlbGwsOTksc3BlbGwsQyx8MzIjNCxWLHwzMyxzcGVsbCwyMjgxMixzcGVsbCwsfDM0LHNwZWxsLDE4NTAsc3BlbGwsLHwzNSxzcGVsbCwxMDIzNTksc3BlbGwsLHwzNixzcGVsbCwxMDY4Mzksc3BlbGwsLHwzNyM0LEFMVC1aLENUUkwtQlVUVE9ONXwzOCM0LEFMVC1YLENUUkwtQlVUVE9ONHwzOSM0LEFMVC1DLEFMVC1CVVRUT041fDQwIzQsQUxULVYsQUxULUJVVFRPTjR8NDEsc3BlbGwsMTEyNixzcGVsbCxDVFJMLVosU0hJRlQtQlVUVE9ONXw0MixzcGVsbCwyMTIwNDAsc3BlbGwsQ1RSTC1YLFNISUZULUJVVFRPTjR8NDMsc3BlbGwsMTAyNDAxLHNwZWxsLENUUkwtQyxCVVRUT041fDQ0LHNwZWxsLDUyMTUsc3BlbGwsQlVUVE9ONCxDVFJMLVZ8NDUsc3BlbGwsNDc0NzUwLHNwZWxsLCx8NDYsc3BlbGwsODkzNixzcGVsbCwsfDQ3LHNwZWxsLDU4OTg0LHNwZWxsLCx8NDgjNSx8NDksc3BlbGwsMTMyMTU4LHNwZWxsLENUUkwtMSx8NTAsc3BlbGwsMTk3NjI2LHNwZWxsLENUUkwtMix8NTEsc3BlbGwsMjkxNjYsc3BlbGwsQ1RSTC0zLHw1MixzcGVsbCwxMjYxODY3LHNwZWxsLENUUkwtNCx8NTMsc3BlbGwsMjkwOCxzcGVsbCxDVFJMLVEsfDU0LHNwZWxsLDg4NDIzLHNwZWxsLENUUkwtRSx8NTUsbWFjcm8sMTIxNzk0MSwxMjE3OTQxLENUUkwtUiwsUldabWJHOXlaWE5qWlc1alpRPT0sSTNOb2IzZDBiMjlzZEdsd0NpOWpZWE4wSUZ0QVkzVnljMjl5WFNCRlptWnNiM0psYzJObGJtTmxDZz09LGN8NTYsc3BlbGwsMjA0ODQsc3BlbGwsQ1RSTC1GLHw1NyM1LHw1OCM1LHw1OSM1LHw2MCM1LHw2MSxzcGVsbCw3NDAsc3BlbGwsU0hJRlQtMSx8NjIsc3BlbGwsMzM4OTEsc3BlbGwsU0hJRlQtMix8NjMsc3BlbGwsNDg0Mzgsc3BlbGwsU0hJRlQtMyx8NjQsc3BlbGwsMTAyMzQyLHNwZWxsLFNISUZULTQsfDY1LHNwZWxsLDEwNjg5OCxzcGVsbCxTSElGVC1RLHw2NixzcGVsbCwxMDIzNTksc3BlbGwsU0hJRlQtRSx8Njcsc3BlbGwsMzM5LHNwZWxsLFNISUZULVIsfDY4LHNwZWxsLDI2Mzcsc3BlbGwsU0hJRlQtRix8NjkjNSx8NzAjNSx8NzEjNSx8NzIjNSx8NzMsc3BlbGwsNTIyMSxzcGVsbCwsfDc0LHNwZWxsLDE4MjIsc3BlbGwsLHw3NSxzcGVsbCwxMDc5LHNwZWxsLCx8NzYsc3BlbGwsMjI1Njgsc3BlbGwsLHw3NyM1LHw3OCM1LHw3OSM1LHw4MCM1LHw4MSM1LHw4MiM1LHw4MyM1LHw4NCM1LHw4NSM1LHw4NiM1LHw4NyM1LHw4OCM1LHw4OSM1LHw5MCM1LHw5MSM1LHw5MiM1LHw5MyM1LHw5NCM1LHw5NSM1LHw5NiM1LHw5NyxzcGVsbCwzMzkxNyxzcGVsbCwsfDk4LHNwZWxsLDY3OTUsc3BlbGwsLHw5OSM1LHwxMDAsc3BlbGwsMjI4NDIsc3BlbGwsLHwxMDEsc3BlbGwsMTkyMDgxLHNwZWxsLCx8MTAyIzUsfDEwMyxzcGVsbCwyMTM3NjQsc3BlbGwsLHwxMDQjNSx8MTA1IzUsfDEwNiM1LHwxMDcjNSx8MTA4IzUsfDEwOSxzcGVsbCw1MTc2LHNwZWxsLCx8MTEwLHNwZWxsLDE5NzYyOCxzcGVsbCwsfDExMSxzcGVsbCw4OTIxLHNwZWxsLCx8MTEyLHNwZWxsLDkzNDAyLHNwZWxsLCx8MTEzLHNwZWxsLDc3NCxzcGVsbCwsfDExNCxzcGVsbCw4OTM2LHNwZWxsLCx8MTE1LHNwZWxsLDMzNzYzLHNwZWxsLCx8MTE2LHNwZWxsLDEwMjM1MSxzcGVsbCwsfDExNyM1LHwxMTgjNSx8MTE5IzUsfDEyMCM1LHwxMjEsc3BlbGwsMzcyNjA4LHNwZWxsLCx8MTIyLHNwZWxsLDM3MjYxMCxzcGVsbCwsfDEyMyxzcGVsbCwzNjE1ODQsc3BlbGwsLHwxMjQjNSx8MTI1LHNwZWxsLDQwMzA5MixzcGVsbCwsfDEyNixzcGVsbCw0MjU3ODIsc3BlbGwsLHwxMjcjNSx8MTI4IzUsfDEyOSM1LHwxMzAjNSx8MTMxIzUsfDEzMiM1LHwxMzMjNSx8MTM0IzUsfDEzNSM1LHwxMzYjNSx8MTM3IzUsfDEzOCM1LHwxMzkjNSx8MTQwIzUsfDE0MSM1LHwxNDIjNSx8MTQzIzUsfDE0NCM1LHwxNDUsbWFjcm8sMTIzMTQxMSwxMjMxNDExLCwsUlc1b1lXNWpaVkZ2VEVobFlXeDBhRTFoWTNKdixJM05vYjNkMGIyOXNkR2x3Q2k5allYTjBJRnR1YjJOdmJXSmhkRjBnVW1WamRYQmxjbUYwWlFvdlkyRnpkSE5sY1hWbGJtTmxJRnRqYjIxaVlYUmRJSEpsYzJWMFBXTnZiV0poZENCcGRHVnRPakkwTkRnek9BPT0sYXwxNDYsbWFjcm8sMTQ1LGl0ZW0sLCxSVzVvWVc1alpWRnZURVJ5YVc1clRXRmpjbTg9LEkzTm9iM2QwYjI5c2RHbHdDaTlqWVhOMGMyVnhkV1Z1WTJVZ2NtVnpaWFE5WTI5dFltRjBJR2wwWlcwNk1UY3lNRFl6LGF8MTQ3LG1hY3JvLDE0NixpdGVtLCwsUkdGdFlXZGxJRkJ2ZEE9PSxJM05vYjNkMGIyOXNkR2x3Q2k5MWMyVWdhWFJsYlRveU5ERXpNRGdLLGF8MTQ4LG1hY3JvLDExIzQsVUd4aFkyVm9iMnhrWlhJPSxVR3hoWTJWb2IyeGtaWElnYldGamNtOGdabTl5SUdsMFpXMXpJR3hwYTJVZ2JtbDBjbThnWW05dmMzUWdiM0lnYzJ4dmR5Qm1ZV3hzSUdOc2IyRnJMZ289LGF8MTQ5LG1hY3JvLDE0IzQsVkhKcGJtdGxkQ0F4LEkzTm9iM2QwYjI5c2RHbHdDaTkxYzJVZ1cwQmpkWEp6YjNKZE1UTUssYXwxNTAsc3BlbGwsNTg5ODQsc3BlbGwsLHwxNTEjNSx8MTUyIzUsfDE1MyM1LHwxNTQjNSx8MTU1IzUsfDE1NiM1LHwxNTcjNSx8MTU4IzUsfDE1OSM1LHwxNjAjNSx8MTYxIzUsfDE2MiM1LHwxNjMjNSx8MTY0IzUsfDE2NSM1LHwxNjYjNSx8MTY3IzUsfDE2OCM1LHwxNjkjNSx8MTcwIzUsfDE3MSM1LHwxNzIjNSx8MTczIzUsfDE3NCM1LHwxNzUjNSx8MTc2IzUsfDE3NyM1LHwxNzgjNSx8MTc5IzUsfDE4MCM1LA== | C11: MCxfaGVhZGVyLGRydWlkLDEwNSwsfDEsc3BlbGwsNTE3NixzcGVsbCwxLHwyLHNwZWxsLDE5NzYyOCxzcGVsbCwyLHwzLHNwZWxsLDg5MjEsc3BlbGwsMyx8NCxzcGVsbCw5MzQwMixzcGVsbCw0LHw1LHNwZWxsLDc3NCxzcGVsbCxRLHw2LHNwZWxsLDg5MzYsc3BlbGwsRSx8NyxzcGVsbCwzMzc2MyxzcGVsbCxSLHw4LHNwZWxsLDE4NTYyLHNwZWxsLEYsfDkjNSx8MTAjNSx8MTEjNSx8MTIjNSx8MTMjNSx8MTQjNSx8MTUjNSx8MTYjNSx8MTcjNSx8MTgjNSx8MTkjNSx8MjAjNSx8MjEjNSx8MjIjNSx8MjMjNSx8MjQjNSx8MjUjNCxTSElGVC1aLHwyNiM0LFNISUZULVgsfDI3LHNwZWxsLDEzMjQ2OSxzcGVsbCxTSElGVC1DLHwyOCM0LFNISUZULVYsfDI5LHNwZWxsLDIyODEyLHNwZWxsLFosfDMwLHNwZWxsLDE4NTAsc3BlbGwsWCx8MzEsc3BlbGwsOTksc3BlbGwsQyx8MzIjNCxWLHwzMyM1LHwzNCM1LHwzNSM1LHwzNiM1LHwzNyM0LEFMVC1aLENUUkwtQlVUVE9ONXwzOCM0LEFMVC1YLENUUkwtQlVUVE9ONHwzOSM0LEFMVC1DLEFMVC1CVVRUT041fDQwLHNwZWxsLDc4MyxzcGVsbCxBTFQtVixBTFQtQlVUVE9ONHw0MSxzcGVsbCwxMTI2LHNwZWxsLENUUkwtWixTSElGVC1CVVRUT041fDQyLHNwZWxsLDIxMjA0MCxzcGVsbCxDVFJMLVgsU0hJRlQtQlVUVE9ONHw0MyxzcGVsbCwxMDI0MDEsc3BlbGwsQ1RSTC1DLEJVVFRPTjV8NDQsc3BlbGwsNTIxNSxzcGVsbCxCVVRUT040LENUUkwtVnw0NSM1LHw0NiM1LHw0NyM1LHw0OCM1LHw0OSxzcGVsbCwxMzIxNTgsc3BlbGwsQ1RSTC0xLHw1MCxzcGVsbCwxOTc2MjYsc3BlbGwsQ1RSTC0yLHw1MSxzcGVsbCwyOTE2NixzcGVsbCxDVFJMLTMsfDUyLHNwZWxsLDEyNjE4Njcsc3BlbGwsQ1RSTC00LHw1MyxzcGVsbCwyOTA4LHNwZWxsLENUUkwtUSx8NTQsc3BlbGwsODg0MjMsc3BlbGwsQ1RSTC1FLHw1NSxtYWNybywxMjE3OTQxLDEyMTc5NDEsQ1RSTC1SLCxSV1ptYkc5eVpYTmpaVzVqWlE9PSxJM05vYjNkMGIyOXNkR2x3Q2k5allYTjBJRnRBWTNWeWMyOXlYU0JGWm1ac2IzSmxjMk5sYm1ObENnPT0sY3w1NixzcGVsbCwyMDQ4NCxzcGVsbCxDVFJMLUYsfDU3IzUsfDU4IzUsfDU5IzUsfDYwIzUsfDYxLHNwZWxsLDc0MCxzcGVsbCxTSElGVC0xLHw2MixzcGVsbCwzMzg5MSxzcGVsbCxTSElGVC0yLHw2MyxzcGVsbCw0ODQzOCxzcGVsbCxTSElGVC0zLHw2NCxzcGVsbCwxMDIzNDIsc3BlbGwsU0hJRlQtNCx8NjUsc3BlbGwsMTA2ODk4LHNwZWxsLFNISUZULVEsfDY2LHNwZWxsLDEwMjM1OSxzcGVsbCxTSElGVC1FLHw2NyxzcGVsbCwzMzksc3BlbGwsU0hJRlQtUix8Njgsc3BlbGwsMjYzNyxzcGVsbCxTSElGVC1GLHw2OSM1LHw3MCM1LHw3MSM1LHw3MiM1LHw3MyxzcGVsbCw1MjIxLHNwZWxsLCx8NzQsc3BlbGwsMTgyMixzcGVsbCwsfDc1LHNwZWxsLDEwNzksc3BlbGwsLHw3NixzcGVsbCwyMjU2OCxzcGVsbCwsfDc3IzUsfDc4IzUsfDc5IzUsfDgwIzUsfDgxIzUsfDgyIzUsfDgzIzUsfDg0IzUsfDg1IzUsfDg2IzUsfDg3IzUsfDg4IzUsfDg5IzUsfDkwIzUsfDkxIzUsfDkyIzUsfDkzIzUsfDk0IzUsfDk1IzUsfDk2IzUsfDk3LHNwZWxsLDMzOTE3LHNwZWxsLCx8OTgsc3BlbGwsNjc5NSxzcGVsbCwsfDk5IzUsfDEwMCxzcGVsbCwyMjg0MixzcGVsbCwsfDEwMSxzcGVsbCwxOTIwODEsc3BlbGwsLHwxMDIjNSx8MTAzLHNwZWxsLDIxMzc2NCxzcGVsbCwsfDEwNCM1LHwxMDUjNSx8MTA2IzUsfDEwNyM1LHwxMDgjNSx8MTA5LHNwZWxsLDUxNzYsc3BlbGwsLHwxMTAsc3BlbGwsMTk3NjI4LHNwZWxsLCx8MTExLHNwZWxsLDg5MjEsc3BlbGwsLHwxMTIsc3BlbGwsOTM0MDIsc3BlbGwsLHwxMTMsc3BlbGwsNzc0LHNwZWxsLCx8MTE0LHNwZWxsLDg5MzYsc3BlbGwsLHwxMTUsc3BlbGwsMzM3NjMsc3BlbGwsLHwxMTYsc3BlbGwsMTAyMzUxLHNwZWxsLCx8MTE3IzUsfDExOCM1LHwxMTkjNSx8MTIwIzUsfDEyMSxzcGVsbCwzNzI2MDgsc3BlbGwsLHwxMjIsc3BlbGwsMzcyNjEwLHNwZWxsLCx8MTIzLHNwZWxsLDM2MTU4NCxzcGVsbCwsfDEyNCM1LHwxMjUsc3BlbGwsNDAzMDkyLHNwZWxsLCx8MTI2LHNwZWxsLDQyNTc4MixzcGVsbCwsfDEyNyM1LHwxMjgjNSx8MTI5IzUsfDEzMCM1LHwxMzEjNSx8MTMyIzUsfDEzMyM1LHwxMzQjNSx8MTM1IzUsfDEzNiM1LHwxMzcjNSx8MTM4IzUsfDEzOSM1LHwxNDAjNSx8MTQxIzUsfDE0MiM1LHwxNDMjNSx8MTQ0IzUsfDE0NSxtYWNybywxMjMxNDExLDEyMzE0MTEsLCxSVzVvWVc1alpWRnZURWhsWVd4MGFFMWhZM0p2LEkzTm9iM2QwYjI5c2RHbHdDaTlqWVhOMElGdHViMk52YldKaGRGMGdVbVZqZFhCbGNtRjBaUW92WTJGemRITmxjWFZsYm1ObElGdGpiMjFpWVhSZElISmxjMlYwUFdOdmJXSmhkQ0JwZEdWdE9qSTBORGd6T0E9PSxhfDE0NixtYWNybywxNDUsaXRlbSwsLFJXNW9ZVzVqWlZGdlRFUnlhVzVyVFdGamNtOD0sSTNOb2IzZDBiMjlzZEdsd0NpOWpZWE4wYzJWeGRXVnVZMlVnY21WelpYUTlZMjl0WW1GMElHbDBaVzA2TVRjeU1EWXosYXwxNDcsbWFjcm8sMTQ2LGl0ZW0sLCxSR0Z0WVdkbElGQnZkQT09LEkzTm9iM2QwYjI5c2RHbHdDaTkxYzJVZ2FYUmxiVG95TkRFek1EZ0ssYXwxNDgsbWFjcm8sMTEjNCxVR3hoWTJWb2IyeGtaWEk9LFVHeGhZMlZvYjJ4a1pYSWdiV0ZqY204Z1ptOXlJR2wwWlcxeklHeHBhMlVnYm1sMGNtOGdZbTl2YzNRZ2IzSWdjMnh2ZHlCbVlXeHNJR05zYjJGckxnbz0sYXwxNDksbWFjcm8sMTQjNCxWSEpwYm10bGRDQXgsSTNOb2IzZDBiMjlzZEdsd0NpOTFjMlVnVzBCamRYSnpiM0pkTVRNSyxhfDE1MCxzcGVsbCw1ODk4NCxzcGVsbCwsfDE1MSM1LHwxNTIjNSx8MTUzIzUsfDE1NCM1LHwxNTUjNSx8MTU2IzUsfDE1NyM1LHwxNTgjNSx8MTU5IzUsfDE2MCM1LHwxNjEjNSx8MTYyIzUsfDE2MyM1LHwxNjQjNSx8MTY1IzUsfDE2NiM1LHwxNjcjNSx8MTY4IzUsfDE2OSM1LHwxNzAjNSx8MTcxIzUsfDE3MiM1LHwxNzMjNSx8MTc0IzUsfDE3NSM1LHwxNzYjNSx8MTc3IzUsfDE3OCM1LHwxNzkjNSx8MTgwIzUsfDE4MSM0LDUsfDE4MiM0LGAsfDE4MyM0LEYxLHwxODQjNCxGMix8MTg1IzQsRjMsfDE4NiM0LEY0LHwxODcjNCxGNSx8MTg4IzQsRjYsfDE4OSM1LHwxOTAjNSx8MTkxIzUsfDE5MiM1LA==
A12: Augmentation | C12: MCxfaGVhZGVyLGV2b2tlciwxNDczLCx8MSxzcGVsbCwzNjE0Njksc3BlbGwsMSx8MixzcGVsbCwzNjI5Njksc3BlbGwsMix8MyxzcGVsbCwzOTUxNjAsc3BlbGwsMyx8NCxzcGVsbCwzNTcyMDgsc3BlbGwsNCx8NSxzcGVsbCwzOTUxNTIsc3BlbGwsUSx8NixzcGVsbCwzOTYyODYsc3BlbGwsRSx8NyxzcGVsbCw0MDkzMTEsc3BlbGwsUix8OCxzcGVsbCwzNjA4Mjcsc3BlbGwsRix8OSM1LHwxMCM1LHwxMSM1LHwxMiM1LHwxMyM1LHwxNCM1LHwxNSM1LHwxNiM1LHwxNyM1LHwxOCM1LHwxOSM1LHwyMCM1LHwyMSM1LHwyMiM1LHwyMyM1LHwyNCM1LHwyNSM0LFNISUZULVosfDI2IzQsU0hJRlQtWCx8Mjcsc3BlbGwsMzcyMDQ4LHNwZWxsLFNISUZULUMsfDI4IzQsU0hJRlQtVix8Mjksc3BlbGwsMzYzOTE2LHNwZWxsLFosfDMwLHNwZWxsLDM1ODI2NyxzcGVsbCxYLHwzMSxzcGVsbCwzNjg5NzAsc3BlbGwsQyx8MzIsc3BlbGwsMzUxMzM4LHNwZWxsLFYsfDMzIzUsfDM0IzUsfDM1IzUsfDM2IzUsfDM3LHNwZWxsLDM3MDM4OCxzcGVsbCxBTFQtWixDVFJMLUJVVFRPTjV8Mzgsc3BlbGwsMzgzMDA1LHNwZWxsLEFMVC1YLENUUkwtQlVUVE9ONHwzOSxzcGVsbCwzNzg0NDEsc3BlbGwsQUxULUMsQUxULUJVVFRPTjV8NDAjNCxBTFQtVixBTFQtQlVUVE9ONHw0MSxzcGVsbCwzNjQzNDIsc3BlbGwsQ1RSTC1aLFNISUZULUJVVFRPTjV8NDIsc3BlbGwsMzYxMjI3LHNwZWxsLENUUkwtWCxTSElGVC1CVVRUT040fDQzIzQsQ1RSTC1DLEJVVFRPTjV8NDQjNCxCVVRUT040LENUUkwtVnw0NSM1LHw0NiM1LHw0NyM1LHw0OCM1LHw0OSxzcGVsbCwzNjA5OTUsc3BlbGwsQ1RSTC0xLHw1MCxzcGVsbCwzNTU5MTMsc3BlbGwsQ1RSTC0yLHw1MSxzcGVsbCwzNzA1NTMsc3BlbGwsQ1RSTC0zLHw1MixzcGVsbCwzNzQyNTEsc3BlbGwsQ1RSTC00LHw1MyxzcGVsbCwzNzA2NjUsc3BlbGwsQ1RSTC1RLHw1NCxzcGVsbCwzNjU1ODUsc3BlbGwsQ1RSTC1FLHw1NSxzcGVsbCwzNjk0NTksc3BlbGwsQ1RSTC1SLHw1NixzcGVsbCwzOTAzODYsc3BlbGwsQ1RSTC1GLHw1NyM1LHw1OCM1LHw1OSM1LHw2MCM1LHw2MSxzcGVsbCw0NDIyMDQsc3BlbGwsU0hJRlQtMSx8NjIjNCxTSElGVC0yLHw2MyM0LFNISUZULTMsfDY0LHNwZWxsLDQwNDk3NyxzcGVsbCxTSElGVC00LHw2NSxzcGVsbCwzNzQyMjcsc3BlbGwsU0hJRlQtUSx8NjYsc3BlbGwsMzYwODA2LHNwZWxsLFNISUZULUUsfDY3LHNwZWxsLDM1ODM4NSxzcGVsbCxTSElGVC1SLHw2OCxzcGVsbCw0MDY3MzIsc3BlbGwsU0hJRlQtRix8NjkjNSx8NzAjNSx8NzEjNSx8NzIjNSx8NzMjNSx8NzQjNSx8NzUjNSx8NzYjNSx8NzcjNSx8NzgjNSx8NzkjNSx8ODAjNSx8ODEjNSx8ODIjNSx8ODMjNSx8ODQjNSx8ODUjNSx8ODYjNSx8ODcjNSx8ODgjNSx8ODkjNSx8OTAjNSx8OTEjNSx8OTIjNSx8OTMjNSx8OTQjNSx8OTUjNSx8OTYjNSx8OTcjNSx8OTgjNSx8OTkjNSx8MTAwIzUsfDEwMSM1LHwxMDIjNSx8MTAzIzUsfDEwNCM1LHwxMDUjNSx8MTA2IzUsfDEwNyM1LHwxMDgjNSx8MTA5IzUsfDExMCM1LHwxMTEjNSx8MTEyIzUsfDExMyM1LHwxMTQjNSx8MTE1IzUsfDExNiM1LHwxMTcjNSx8MTE4IzUsfDExOSM1LHwxMjAjNSx8MTIxIzUsfDEyMiM1LHwxMjMjNSx8MTI0IzUsfDEyNSM1LHwxMjYjNSx8MTI3IzUsfDEyOCM1LHwxMjkjNSx8MTMwIzUsfDEzMSM1LHwxMzIjNSx8MTMzIzUsfDEzNCM1LHwxMzUjNSx8MTM2IzUsfDEzNyM1LHwxMzgjNSx8MTM5IzUsfDE0MCM1LHwxNDEjNSx8MTQyIzUsfDE0MyM1LHwxNDQjNSx8MTQ1LG1hY3JvLDEyMzE0MTEsMTIzMTQxMSxBTFQtMSwsUlc1b1lXNWpaVkZ2VEVobFlXeDBhRTFoWTNKdixJM05vYjNkMGIyOXNkR2x3Q2k5allYTjBJRnR1YjJOdmJXSmhkRjBnVW1WamRYQmxjbUYwWlE9PSxhfDE0NixtYWNybyw0LCxBTFQtMiwsUlc1b1lXNWpaVkZ2VEVSeWFXNXJUV0ZqY204PSxJM05vYjNkMGIyOXNkR2x3LGF8MTQ3LG1hY3JvLDE0NixpdGVtLEFMVC0zLCxSR0Z0WVdkbElGQnZkQT09LEkzTm9iM2QwYjI5c2RHbHdDaTkxYzJVZ2FYUmxiVG95TkRFek1EZ0ssYXwxNDgsbWFjcm8sMTEsLEFMVC00LCxVR3hoWTJWb2IyeGtaWEk9LFVHeGhZMlZvYjJ4a1pYSWdiV0ZqY204Z1ptOXlJR2wwWlcxeklHeHBhMlVnYm1sMGNtOGdZbTl2YzNRZ2IzSWdjMnh2ZHlCbVlXeHNJR05zYjJGckxnbz0sYXwxNDksbWFjcm8sMTQsLEFMVC1RLCxWSEpwYm10bGRDQXgsSTNOb2IzZDBiMjlzZEdsd0NpOTFjMlVnVzBCamRYSnpiM0pkTVRNSyxhfDE1MCxzcGVsbCwzNTcyMTQsc3BlbGwsQUxULUUsfDE1MSM0LEFMVC1SLHwxNTIjNCxBTFQtRix8MTUzIzUsfDE1NCM1LHwxNTUjNSx8MTU2IzUsfDE1NyxzcGVsbCw0MDgyMzMsc3BlbGwsLHwxNTgsc3BlbGwsNDEyNzEwLHNwZWxsLCx8MTU5IzUsfDE2MCM1LHwxNjEjNSx8MTYyIzUsfDE2MyM1LHwxNjQjNSx8MTY1IzUsfDE2NiM1LHwxNjcjNSx8MTY4IzUsfDE2OSM1LHwxNzAjNSx8MTcxIzUsfDE3MiM1LHwxNzMjNSx8MTc0IzUsfDE3NSM1LHwxNzYjNSx8MTc3IzUsfDE3OCM1LHwxNzkjNSx8MTgwIzUsfDE4MSM0LDUsfDE4MiM0LGAsfDE4MyM0LEYxLHwxODQjNCxGMix8MTg1IzQsRjMsfDE4NiM0LEY0LHwxODcjNCxGNSx8MTg4IzQsRjYsfDE4OSM1LHwxOTAjNSx8MTkxIzUsfDE5MiM1LA==
A13: Devastation | C13: MCxfaGVhZGVyLGV2b2tlciwxNDY3LCx8MSxzcGVsbCwzNjE0Njksc3BlbGwsMSx8MixzcGVsbCwzNjI5Njksc3BlbGwsMix8MyxzcGVsbCwzNTY5OTUsc3BlbGwsMyx8NCxzcGVsbCwzODIyNjYsc3BlbGwsNCx8NSxzcGVsbCwzNzUwODcsc3BlbGwsUSx8NixzcGVsbCwzODI0MTEsc3BlbGwsRSx8NyxzcGVsbCwzNTcyMTEsc3BlbGwsUix8OCM0LEYsfDkjNSx8MTAjNSx8MTEjNSx8MTIjNSx8MTMsc3BlbGwsMzU3MjExLHNwZWxsLCx8MTQjNSx8MTUjNSx8MTYjNSx8MTcjNSx8MTgjNSx8MTkjNSx8MjAjNSx8MjEjNSx8MjIjNSx8MjMjNSx8MjQjNSx8MjUjNCxTSElGVC1aLHwyNiM0LFNISUZULVgsfDI3LHNwZWxsLDM3MjA0OCxzcGVsbCxTSElGVC1DLHwyOCM0LFNISUZULVYsfDI5LHNwZWxsLDM2MzkxNixzcGVsbCxaLHwzMCxzcGVsbCwzNTgyNjcsc3BlbGwsWCx8MzEsc3BlbGwsMzY4OTcwLHNwZWxsLEMsfDMyLHNwZWxsLDM1MTMzOCxzcGVsbCxWLHwzMyM1LHwzNCM1LHwzNSM1LHwzNiM1LHwzNyM0LEFMVC1aLENUUkwtQlVUVE9ONXwzOCM0LEFMVC1YLENUUkwtQlVUVE9ONHwzOSM0LEFMVC1DLEFMVC1CVVRUT041fDQwIzQsQUxULVYsQUxULUJVVFRPTjR8NDEsc3BlbGwsMzY0MzQyLHNwZWxsLENUUkwtWixTSElGVC1CVVRUT041fDQyIzQsQ1RSTC1YLFNISUZULUJVVFRPTjR8NDMjNCxDVFJMLUMsQlVUVE9ONXw0NCM0LEJVVFRPTjQsQ1RSTC1WfDQ1IzUsfDQ2IzUsfDQ3IzUsfDQ4IzUsfDQ5LHNwZWxsLDM2MDk5NSxzcGVsbCxDVFJMLTEsfDUwLHNwZWxsLDM1NTkxMyxzcGVsbCxDVFJMLTIsfDUxLHNwZWxsLDM3MDU1MyxzcGVsbCxDVFJMLTMsfDUyLHNwZWxsLDM3NDI1MSxzcGVsbCxDVFJMLTQsfDUzLHNwZWxsLDM3MDY2NSxzcGVsbCxDVFJMLVEsfDU0LHNwZWxsLDM2NTU4NSxzcGVsbCxDVFJMLUUsfDU1LHNwZWxsLDM2OTQ1OSxzcGVsbCxDVFJMLVIsfDU2LHNwZWxsLDM5MDM4NixzcGVsbCxDVFJMLUYsfDU3IzUsfDU4IzUsfDU5IzUsfDYwIzUsfDYxLHNwZWxsLDM1NzIxMCxzcGVsbCxTSElGVC0xLHw2MiM0LFNISUZULTIsfDYzIzQsU0hJRlQtMyx8NjQjNCxTSElGVC00LHw2NSxzcGVsbCwzNzQyMjcsc3BlbGwsU0hJRlQtUSx8NjYsc3BlbGwsMzYwODA2LHNwZWxsLFNISUZULUUsfDY3LHNwZWxsLDM1ODM4NSxzcGVsbCxTSElGVC1SLHw2OCxzcGVsbCw0MDY3MzIsc3BlbGwsU0hJRlQtRix8NjkjNSx8NzAjNSx8NzEjNSx8NzIjNSx8NzMsc3BlbGwsMzc2NzQ0LHNwZWxsLCx8NzQsc3BlbGwsMzc2NzQzLHNwZWxsLCx8NzUjNSx8NzYjNSx8NzcjNSx8NzgjNSx8NzkjNSx8ODAjNSx8ODEjNSx8ODIjNSx8ODMjNSx8ODQjNSx8ODUjNSx8ODYjNSx8ODcjNSx8ODgjNSx8ODkjNSx8OTAjNSx8OTEjNSx8OTIjNSx8OTMjNSx8OTQjNSx8OTUjNSx8OTYjNSx8OTcjNSx8OTgjNSx8OTkjNSx8MTAwIzUsfDEwMSM1LHwxMDIjNSx8MTAzIzUsfDEwNCM1LHwxMDUjNSx8MTA2IzUsfDEwNyM1LHwxMDgjNSx8MTA5IzUsfDExMCM1LHwxMTEjNSx8MTEyIzUsfDExMyM1LHwxMTQjNSx8MTE1IzUsfDExNiM1LHwxMTcjNSx8MTE4IzUsfDExOSM1LHwxMjAjNSx8MTIxLHNwZWxsLDM3MjYwOCxzcGVsbCwsfDEyMixzcGVsbCwzNzI2MTAsc3BlbGwsLHwxMjMsc3BlbGwsMzYxNTg0LHNwZWxsLCx8MTI0IzUsfDEyNSxzcGVsbCw0MjU3ODIsc3BlbGwsLHwxMjYsc3BlbGwsNDAzMDkyLHNwZWxsLCx8MTI3IzUsfDEyOCM1LHwxMjkjNSx8MTMwIzUsfDEzMSM1LHwxMzIjNSx8MTMzIzUsfDEzNCM1LHwxMzUjNSx8MTM2IzUsfDEzNyM1LHwxMzgjNSx8MTM5IzUsfDE0MCM1LHwxNDEjNSx8MTQyIzUsfDE0MyM1LHwxNDQjNSx8MTQ1LG1hY3JvLDEyMzE0MTEsMTIzMTQxMSxBTFQtMSwsUlc1b1lXNWpaVkZ2VEVobFlXeDBhRTFoWTNKdixJM05vYjNkMGIyOXNkR2x3Q2k5allYTjBJRnR1YjJOdmJXSmhkRjBnVW1WamRYQmxjbUYwWlE9PSxhfDE0NiM0LEFMVC0yLHwxNDcsbWFjcm8sMTQ2LGl0ZW0sQUxULTMsLFJHRnRZV2RsSUZCdmRBPT0sSTNOb2IzZDBiMjlzZEdsd0NpOTFjMlVnYVhSbGJUb3lOREV6TURnSyxhfDE0OCM0LEFMVC00LHwxNDksbWFjcm8sMTQsLEFMVC1RLCxWSEpwYm10bGRDQXgsSTNOb2IzZDBiMjlzZEdsd0NpOTFjMlVnVzBCamRYSnpiM0pkTVRNSyxhfDE1MCxzcGVsbCwzNTcyMTQsc3BlbGwsQUxULUUsfDE1MSM0LEFMVC1SLHwxNTIjNCxBTFQtRix8MTUzIzUsfDE1NCM1LHwxNTUjNSx8MTU2IzUsfDE1NyM1LHwxNTgjNSx8MTU5IzUsfDE2MCM1LHwxNjEjNSx8MTYyIzUsfDE2MyM1LHwxNjQjNSx8MTY1IzUsfDE2NiM1LHwxNjcjNSx8MTY4IzUsfDE2OSM1LHwxNzAjNSx8MTcxIzUsfDE3MiM1LHwxNzMjNSx8MTc0IzUsfDE3NSM1LHwxNzYjNSx8MTc3IzUsfDE3OCM1LHwxNzkjNSx8MTgwIzUsfDE4MSM0LDUsfDE4MiM0LGAsfDE4MyM0LEYxLHwxODQjNCxGMix8MTg1IzQsRjMsfDE4NiM0LEY0LHwxODcjNCxGNSx8MTg4IzQsRjYsfDE4OSM1LHwxOTAjNSx8MTkxIzUsfDE5MiM1LA==
A14: Preservation | C14: MCxfaGVhZGVyLGV2b2tlciwxNDY4LCx8MSxzcGVsbCw0MzE0NDMsc3BlbGwsMSx8MixzcGVsbCwzNjI5Njksc3BlbGwsMix8MyxzcGVsbCwzNTY5OTUsc3BlbGwsMyx8NCxzcGVsbCwzNTcyMDgsc3BlbGwsNCx8NSxzcGVsbCwzNjQzNDMsc3BlbGwsUSx8NixzcGVsbCwzNjYxNTUsc3BlbGwsRSx8NyxzcGVsbCwzNTcxNzAsc3BlbGwsUix8OCxzcGVsbCwzNzM4NjEsc3BlbGwsRix8OSM1LHwxMCM1LHwxMSM1LHwxMiM1LHwxMyM1LHwxNCM1LHwxNSM1LHwxNiM1LHwxNyM1LHwxOCM1LHwxOSM1LHwyMCM1LHwyMSM1LHwyMiM1LHwyMyM1LHwyNCM1LHwyNSM0LFNISUZULVosfDI2IzQsU0hJRlQtWCx8Mjcsc3BlbGwsMzcyMDQ4LHNwZWxsLFNISUZULUMsfDI4IzQsU0hJRlQtVix8Mjksc3BlbGwsMzYzOTE2LHNwZWxsLFosfDMwLHNwZWxsLDM1ODI2NyxzcGVsbCxYLHwzMSxzcGVsbCwzNjg5NzAsc3BlbGwsQyx8MzIjNCxWLHwzMyM1LHwzNCM1LHwzNSM1LHwzNiM1LHwzNyxzcGVsbCwzNzAzODgsc3BlbGwsQUxULVosQ1RSTC1CVVRUT041fDM4LHNwZWxsLDM4MzAwNSxzcGVsbCxBTFQtWCxDVFJMLUJVVFRPTjR8Mzksc3BlbGwsMzc4NDQxLHNwZWxsLEFMVC1DLEFMVC1CVVRUT041fDQwLHNwZWxsLDM2OTUzNixzcGVsbCxBTFQtVixBTFQtQlVUVE9ONHw0MSxzcGVsbCwzNjQzNDIsc3BlbGwsQ1RSTC1aLFNISUZULUJVVFRPTjV8NDIsc3BlbGwsMzYxMTc4LHNwZWxsLENUUkwtWCxTSElGVC1CVVRUT040fDQzIzQsQ1RSTC1DLEJVVFRPTjV8NDQjNCxCVVRUT040LENUUkwtVnw0NSM1LHw0NiM1LHw0NyM1LHw0OCM1LHw0OSxzcGVsbCwzNjA5OTUsc3BlbGwsQ1RSTC0xLHw1MCxzcGVsbCwzNTU5MTMsc3BlbGwsQ1RSTC0yLHw1MSxzcGVsbCwzNzA1NTMsc3BlbGwsQ1RSTC0zLHw1MixzcGVsbCwzNzQyNTEsc3BlbGwsQ1RSTC00LHw1MyxzcGVsbCwzNzA2NjUsc3BlbGwsQ1RSTC1RLHw1NCxzcGVsbCwzNjA4MjMsc3BlbGwsQ1RSTC1FLHw1NSxzcGVsbCwzNjk0NTksc3BlbGwsQ1RSTC1SLHw1NixzcGVsbCwzOTAzODYsc3BlbGwsQ1RSTC1GLHw1NyM1LHw1OCM1LHw1OSM1LHw2MCM1LHw2MSxzcGVsbCwzNTcyMTAsc3BlbGwsU0hJRlQtMSx8NjIsc3BlbGwsMzU5ODE2LHNwZWxsLFNISUZULTIsfDYzLHNwZWxsLDM2MzUzNCxzcGVsbCxTSElGVC0zLHw2NCxzcGVsbCwzNTU5MzYsc3BlbGwsU0hJRlQtNCx8NjUsc3BlbGwsMzc0MjI3LHNwZWxsLFNISUZULVEsfDY2LHNwZWxsLDM2MDgwNixzcGVsbCxTSElGVC1FLHw2NyxzcGVsbCwzNTgzODUsc3BlbGwsU0hJRlQtUix8Njgsc3BlbGwsNDA2NzMyLHNwZWxsLFNISUZULUYsfDY5IzUsfDcwIzUsfDcxIzUsfDcyIzUsfDczLHNwZWxsLDM3Njc0NCxzcGVsbCwsfDc0LHNwZWxsLDM3Njc0MyxzcGVsbCwsfDc1IzUsfDc2IzUsfDc3IzUsfDc4IzUsfDc5IzUsfDgwIzUsfDgxIzUsfDgyIzUsfDgzIzUsfDg0IzUsfDg1IzUsfDg2IzUsfDg3IzUsfDg4IzUsfDg5IzUsfDkwIzUsfDkxIzUsfDkyIzUsfDkzIzUsfDk0IzUsfDk1IzUsfDk2IzUsfDk3IzUsfDk4IzUsfDk5IzUsfDEwMCM1LHwxMDEjNSx8MTAyIzUsfDEwMyM1LHwxMDQjNSx8MTA1IzUsfDEwNiM1LHwxMDcjNSx8MTA4IzUsfDEwOSM1LHwxMTAjNSx8MTExIzUsfDExMiM1LHwxMTMjNSx8MTE0IzUsfDExNSM1LHwxMTYjNSx8MTE3IzUsfDExOCM1LHwxMTkjNSx8MTIwIzUsfDEyMSxzcGVsbCw0MjU3ODIsc3BlbGwsLHwxMjIsc3BlbGwsMzcyNjA4LHNwZWxsLCx8MTIzLHNwZWxsLDM3MjYxMCxzcGVsbCwsfDEyNCM1LHwxMjUsc3BlbGwsNDAzMDkyLHNwZWxsLCx8MTI2LHNwZWxsLDM2MTU4NCxzcGVsbCwsfDEyNyM1LHwxMjgjNSx8MTI5IzUsfDEzMCM1LHwxMzEjNSx8MTMyIzUsfDEzMyM1LHwxMzQjNSx8MTM1IzUsfDEzNiM1LHwxMzcjNSx8MTM4IzUsfDEzOSM1LHwxNDAjNSx8MTQxIzUsfDE0MiM1LHwxNDMjNSx8MTQ0IzUsfDE0NSxtYWNybywxMjMxNDExLDEyMzE0MTEsQUxULTEsLFJXNW9ZVzVqWlZGdlRFaGxZV3gwYUUxaFkzSnYsSTNOb2IzZDBiMjlzZEdsd0NpOWpZWE4wSUZ0dWIyTnZiV0poZEYwZ1VtVmpkWEJsY21GMFpRPT0sYXwxNDYsbWFjcm8sNCwsQUxULTIsLFJXNW9ZVzVqWlZGdlRFUnlhVzVyVFdGamNtOD0sSTNOb2IzZDBiMjlzZEdsdyxhfDE0NyxtYWNybywxNDYsaXRlbSxBTFQtMywsUkdGdFlXZGxJRkJ2ZEE9PSxJM05vYjNkMGIyOXNkR2x3Q2k5MWMyVWdhWFJsYlRveU5ERXpNRGdLLGF8MTQ4IzQsQUxULTQsfDE0OSxtYWNybywxNCwsQUxULVEsLFZISnBibXRsZENBeCxJM05vYjNkMGIyOXNkR2x3Q2k5MWMyVWdXMEJqZFhKemIzSmRNVE1LLGF8MTUwLHNwZWxsLDM1NzIxNCxzcGVsbCxBTFQtRSx8MTUxIzQsQUxULVIsfDE1MiM0LEFMVC1GLHwxNTMjNSx8MTU0IzUsfDE1NSM1LHwxNTYjNSx8MTU3IzUsfDE1OCM1LHwxNTkjNSx8MTYwIzUsfDE2MSM1LHwxNjIjNSx8MTYzIzUsfDE2NCM1LHwxNjUjNSx8MTY2IzUsfDE2NyM1LHwxNjgjNSx8MTY5IzUsfDE3MCM1LHwxNzEjNSx8MTcyIzUsfDE3MyM1LHwxNzQjNSx8MTc1IzUsfDE3NiM1LHwxNzcjNSx8MTc4IzUsfDE3OSM1LHwxODAjNSx8MTgxIzQsNSx8MTgyIzQsYCx8MTgzIzQsRjEsfDE4NCM0LEYyLHwxODUjNCxGMyx8MTg2IzQsRjQsfDE4NyM0LEY1LHwxODgjNCxGNix8MTg5IzUsfDE5MCM1LHwxOTEjNSx8MTkyIzUs
A15: Beast Mastery | C15: MCxfaGVhZGVyLGh1bnRlciwyNTMsLHwxLHNwZWxsLDE5MzQ1NSxzcGVsbCwxLHwyLHNwZWxsLDIxNzIwMCxzcGVsbCwyLHwzLHNwZWxsLDM0MDI2LHNwZWxsLDMsfDQsc3BlbGwsMTI2NDM1OSxzcGVsbCw0LHw1LHNwZWxsLDQ2NjkzMCxzcGVsbCxRLHw2LHNwZWxsLDE5NTc0LHNwZWxsLEUsfDcjNCxSLHw4IzQsRix8OSM1LHwxMCM1LHwxMSM1LHwxMiM1LHwxMyM1LHwxNCM1LHwxNSM1LHwxNiM1LHwxNyM1LHwxOCM1LHwxOSM1LHwyMCM1LHwyMSM1LHwyMiM1LHwyMyM1LHwyNCM1LHwyNSxzcGVsbCw1Mzg0LHNwZWxsLFNISUZULVosfDI2IzQsU0hJRlQtWCx8Mjcsc3BlbGwsMTA5MjQ4LHNwZWxsLFNISUZULUMsfDI4LHNwZWxsLDUxMTYsc3BlbGwsU0hJRlQtVix8Mjksc3BlbGwsMjY0NzM1LHNwZWxsLFosfDMwLHNwZWxsLDE4NjI1NyxzcGVsbCxYLHwzMSxzcGVsbCwxOTU3NyxzcGVsbCxDLHwzMixzcGVsbCwxNDczNjIsc3BlbGwsVix8MzMjNSx8MzQjNSx8MzUjNSx8MzYjNSx8Mzcsc3BlbGwsMjA4NjUyLHNwZWxsLEFMVC1aLENUUkwtQlVUVE9ONXwzOCxzcGVsbCwzNTY3MDcsc3BlbGwsQUxULVgsQ1RSTC1CVVRUT040fDM5LHNwZWxsLDM1NjcxOSxzcGVsbCxBTFQtQyxBTFQtQlVUVE9ONXw0MCxzdW1tb25tb3VudCwyMjk0MzksLEFMVC1WLEFMVC1CVVRUT040fDQxIzQsQ1RSTC1aLFNISUZULUJVVFRPTjV8NDIjNCxDVFJMLVgsU0hJRlQtQlVUVE9ONHw0MyxzcGVsbCwxODYyNjUsc3BlbGwsQ1RSTC1DLEJVVFRPTjV8NDQsc3BlbGwsNzgxLHNwZWxsLEJVVFRPTjQsQ1RSTC1WfDQ1IzUsfDQ2IzUsfDQ3IzUsfDQ4LG1hY3JvLDAsLCx8NDksc3BlbGwsMTA5MzA0LHNwZWxsLENUUkwtMSx8NTAsc3BlbGwsMTM2LHNwZWxsLENUUkwtMix8NTEsc3BlbGwsOTgyLHNwZWxsLENUUkwtMyx8NTIsc3BlbGwsMTk5NDgzLHNwZWxsLENUUkwtNCx8NTMsc3BlbGwsMTk4MDEsc3BlbGwsQ1RSTC1RLHw1NCxzcGVsbCwxNTQzLHNwZWxsLENUUkwtRSx8NTUsc3BlbGwsMjcyNjUxLHNwZWxsLENUUkwtUix8NTYjNCxDVFJMLUYsfDU3IzUsfDU4IzUsfDU5IzUsfDYwIzUsfDYxLHNwZWxsLDI1NzI4NCxzcGVsbCxTSElGVC0xLHw2MiM0LFNISUZULTIsfDYzIzQsU0hJRlQtMyx8NjQsc3BlbGwsNTM0ODAsc3BlbGwsU0hJRlQtNCx8NjUsc3BlbGwsMTg3Njk4LHNwZWxsLFNISUZULVEsfDY2LHNwZWxsLDE4NzY1MCxzcGVsbCxTSElGVC1FLHw2NyxzcGVsbCwzNDQ3NyxzcGVsbCxTSElGVC1SLHw2OCxzcGVsbCw4ODMsc3BlbGwsU0hJRlQtRix8NjkjNSx8NzAjNSx8NzEjNSx8NzIjNSx8NzMjNSx8NzQjNSx8NzUjNSx8NzYjNSx8NzcjNSx8NzgjNSx8NzkjNSx8ODAjNSx8ODEjNSx8ODIjNSx8ODMjNSx8ODQjNSx8ODUjNSx8ODYjNSx8ODcjNSx8ODgjNSx8ODkjNSx8OTAjNSx8OTEjNSx8OTIjNSx8OTMjNSx8OTQjNSx8OTUjNSx8OTYjNSx8OTcjNSx8OTgjNSx8OTkjNSx8MTAwIzUsfDEwMSM1LHwxMDIjNSx8MTAzIzUsfDEwNCM1LHwxMDUjNSx8MTA2IzUsfDEwNyM1LHwxMDgjNSx8MTA5IzUsfDExMCM1LHwxMTEjNSx8MTEyIzUsfDExMyM1LHwxMTQjNSx8MTE1IzUsfDExNiM1LHwxMTcjNSx8MTE4IzUsfDExOSM1LHwxMjAjNSx8MTIxLHNwZWxsLDM3MjYwOCxzcGVsbCwsfDEyMixzcGVsbCwzNzI2MTAsc3BlbGwsLHwxMjMsc3BlbGwsMzYxNTg0LHNwZWxsLCx8MTI0IzUsfDEyNSxzcGVsbCw0MDMwOTIsc3BlbGwsLHwxMjYsc3BlbGwsNDI1NzgyLHNwZWxsLCx8MTI3IzUsfDEyOCM1LHwxMjkjNSx8MTMwIzUsfDEzMSM1LHwxMzIjNSx8MTMzIzUsfDEzNCM1LHwxMzUjNSx8MTM2IzUsfDEzNyM1LHwxMzgjNSx8MTM5IzUsfDE0MCM1LHwxNDEjNSx8MTQyIzUsfDE0MyM1LHwxNDQjNSx8MTQ1LG1hY3JvLDEyMzE0MTEsMTIzMTQxMSxBTFQtMSwsUlc1b1lXNWpaVkZ2VEVobFlXeDBhRTFoWTNKdixJM05vYjNkMGIyOXNkR2x3Q2k5allYTjBJRnR1YjJOdmJXSmhkRjBnVW1WamRYQmxjbUYwWlFvdlkyRnpkSE5sY1hWbGJtTmxJRnRqYjIxaVlYUmRJSEpsYzJWMFBXTnZiV0poZENCcGRHVnRPakU1TVRNM09BPT0sYXwxNDYjNCxBTFQtMix8MTQ3LG1hY3JvLDE0NixpdGVtLEFMVC0zLCxSR0Z0WVdkbElGQnZkQT09LEkzTm9iM2QwYjI5c2RHbHdDaTkxYzJVZ2FYUmxiVG95TkRFek1EZ0ssYXwxNDgjNCxBTFQtNCx8MTQ5LG1hY3JvLDE0LCxBTFQtUSwsVkhKcGJtdGxkQ0F4LEkzTm9iM2QwYjI5c2RHbHdDaTkxYzJVZ1cwQmpkWEp6YjNKZE1UTUssYXwxNTAjNCxBTFQtRSx8MTUxIzQsQUxULVIsfDE1MiM0LEFMVC1GLHwxNTMjNSx8MTU0IzUsfDE1NSM1LHwxNTYjNSx8MTU3IzUsfDE1OCM1LHwxNTkjNSx8MTYwIzUsfDE2MSM1LHwxNjIjNSx8MTYzIzUsfDE2NCM1LHwxNjUjNSx8MTY2IzUsfDE2NyM1LHwxNjgjNSx8MTY5IzUsfDE3MCM1LHwxNzEjNSx8MTcyIzUsfDE3MyM1LHwxNzQsbWFjcm8sMCwsLHwxNzUjNSx8MTc2IzUsfDE3NyM1LHwxNzgjNSx8MTc5IzUsfDE4MCM1LHwxODEjNCw1LHwxODIjNCxgLHwxODMjNCxGMSx8MTg0IzQsRjIsfDE4NSM0LEYzLHwxODYjNCxGNCx8MTg3IzUsfDE4OCM1LHwxODkjNSx8MTkwIzUsfDE5MSM1LHwxOTIjNSw=
A16: Markmanship | C16: MCxfaGVhZGVyLGh1bnRlciwyNTQsLHwxLHNwZWxsLDU2NjQxLHNwZWxsLDEsfDIsc3BlbGwsMTg1MzU4LHNwZWxsLDIsfDMsc3BlbGwsMTk0MzQsc3BlbGwsMyx8NCxzcGVsbCwyNTcwNDQsc3BlbGwsNCx8NSxzcGVsbCw0NjY5MzAsc3BlbGwsUSx8NixzcGVsbCwyNTc2MjAsc3BlbGwsRSx8NyxzcGVsbCwyNjAyNDMsc3BlbGwsUix8OCxzcGVsbCwyODg2MTMsc3BlbGwsRix8OSM1LHwxMCM1LHwxMSM1LHwxMiM1LHwxMyM1LHwxNCM1LHwxNSM1LHwxNiM1LHwxNyM1LHwxOCM1LHwxOSM1LHwyMCM1LHwyMSM1LHwyMiM1LHwyMyM1LHwyNCM1LHwyNSxzcGVsbCw1Mzg0LHNwZWxsLFNISUZULVosfDI2IzQsU0hJRlQtWCx8Mjcsc3BlbGwsMTA5MjQ4LHNwZWxsLFNISUZULUMsfDI4LHNwZWxsLDUxMTYsc3BlbGwsU0hJRlQtVix8Mjksc3BlbGwsMjY0NzM1LHNwZWxsLFosfDMwLHNwZWxsLDE4NjI1NyxzcGVsbCxYLHwzMSxzcGVsbCw0NzQ0MjEsc3BlbGwsQyx8MzIsc3BlbGwsMTQ3MzYyLHNwZWxsLFYsfDMzIzUsfDM0IzUsfDM1IzUsfDM2IzUsfDM3IzQsQUxULVosQ1RSTC1CVVRUT041fDM4IzQsQUxULVgsQ1RSTC1CVVRUT040fDM5IzQsQUxULUMsQUxULUJVVFRPTjV8NDAjNCxBTFQtVixBTFQtQlVUVE9ONHw0MSM0LENUUkwtWixTSElGVC1CVVRUT041fDQyIzQsQ1RSTC1YLFNISUZULUJVVFRPTjR8NDMsc3BlbGwsMTg2MjY1LHNwZWxsLENUUkwtQyxCVVRUT041fDQ0LHNwZWxsLDc4MSxzcGVsbCxCVVRUT040LENUUkwtVnw0NSwsMTIyNzA4LE1PVU5ULCx8NDYjNSx8NDcjNSx8NDgjNSx8NDksc3BlbGwsMTA5MzA0LHNwZWxsLENUUkwtMSx8NTAsc3BlbGwsMTM2LHNwZWxsLENUUkwtMix8NTEsc3BlbGwsOTgyLHNwZWxsLENUUkwtMyx8NTIsc3BlbGwsMTk5NDgzLHNwZWxsLENUUkwtNCx8NTMsc3BlbGwsMTk4MDEsc3BlbGwsQ1RSTC1RLHw1NCxzcGVsbCwxNTQzLHNwZWxsLENUUkwtRSx8NTUsc3BlbGwsMjcyNjUxLHNwZWxsLENUUkwtUix8NTYsc3BlbGwsNDY2OTA0LHNwZWxsLENUUkwtRix8NTcjNSx8NTgjNSx8NTkjNSx8NjAjNSx8NjEsc3BlbGwsMjU3Mjg0LHNwZWxsLFNISUZULTEsfDYyIzQsU0hJRlQtMix8NjMjNCxTSElGVC0zLHw2NCM0LFNISUZULTQsfDY1LHNwZWxsLDE4NzY5OCxzcGVsbCxTSElGVC1RLHw2NixzcGVsbCwxODc2NTAsc3BlbGwsU0hJRlQtRSx8Njcsc3BlbGwsMzQ0Nzcsc3BlbGwsU0hJRlQtUix8Njgsc3BlbGwsODgzLHNwZWxsLFNISUZULUYsfDY5IzUsfDcwIzUsfDcxIzUsfDcyIzUsfDczIzUsfDc0IzUsfDc1IzUsfDc2IzUsfDc3IzUsfDc4IzUsfDc5IzUsfDgwIzUsfDgxIzUsfDgyIzUsfDgzIzUsfDg0IzUsfDg1IzUsfDg2IzUsfDg3IzUsfDg4IzUsfDg5IzUsfDkwIzUsfDkxIzUsfDkyIzUsfDkzIzUsfDk0IzUsfDk1IzUsfDk2IzUsfDk3IzUsfDk4IzUsfDk5IzUsfDEwMCM1LHwxMDEjNSx8MTAyIzUsfDEwMyM1LHwxMDQjNSx8MTA1IzUsfDEwNiM1LHwxMDcjNSx8MTA4IzUsfDEwOSM1LHwxMTAjNSx8MTExIzUsfDExMiM1LHwxMTMjNSx8MTE0IzUsfDExNSM1LHwxMTYjNSx8MTE3IzUsfDExOCM1LHwxMTkjNSx8MTIwIzUsfDEyMSxzcGVsbCw0MjU3ODIsc3BlbGwsLHwxMjIsc3BlbGwsMzcyNjA4LHNwZWxsLCx8MTIzLHNwZWxsLDM3MjYxMCxzcGVsbCwsfDEyNCM1LHwxMjUsc3BlbGwsNDAzMDkyLHNwZWxsLCx8MTI2LHNwZWxsLDM2MTU4NCxzcGVsbCwsfDEyNyM1LHwxMjgjNSx8MTI5IzUsfDEzMCM1LHwxMzEjNSx8MTMyIzUsfDEzMyM1LHwxMzQjNSx8MTM1IzUsfDEzNiM1LHwxMzcjNSx8MTM4IzUsfDEzOSM1LHwxNDAjNSx8MTQxIzUsfDE0MiM1LHwxNDMjNSx8MTQ0IzUsfDE0NSxtYWNybywxMjMxNDExLDEyMzE0MTEsQUxULTEsLFJXNW9ZVzVqWlZGdlRFaGxZV3gwYUUxaFkzSnYsSTNOb2IzZDBiMjlzZEdsd0NpOWpZWE4wSUZ0dWIyTnZiV0poZEYwZ1VtVmpkWEJsY21GMFpRb3ZZMkZ6ZEhObGNYVmxibU5sSUZ0amIyMWlZWFJkSUhKbGMyVjBQV052YldKaGRDQnBkR1Z0T2pFNU1UTTNPQT09LGF8MTQ2LG1hY3JvLDQsLEFMVC0yLCxSVzVvWVc1alpWRnZURVJ5YVc1clRXRmpjbTg9LEkzTm9iM2QwYjI5c2RHbHdDZz09LGF8MTQ3LG1hY3JvLDE0NixpdGVtLEFMVC0zLCxSR0Z0WVdkbElGQnZkQT09LEkzTm9iM2QwYjI5c2RHbHdDaTkxYzJVZ2FYUmxiVG95TkRFek1EZ0ssYXwxNDgjNCxBTFQtNCx8MTQ5LG1hY3JvLDE0LCxBTFQtUSwsVkhKcGJtdGxkQ0F4LEkzTm9iM2QwYjI5c2RHbHdDaTkxYzJVZ1cwQmpkWEp6YjNKZE1UTUssYXwxNTAsc3BlbGwsNTg5ODQsc3BlbGwsQUxULUUsfDE1MSM0LEFMVC1SLHwxNTIjNCxBTFQtRix8MTUzIzUsfDE1NCM1LHwxNTUjNSx8MTU2IzUsfDE1NyM1LHwxNTgjNSx8MTU5IzUsfDE2MCM1LHwxNjEjNSx8MTYyIzUsfDE2MyM1LHwxNjQjNSx8MTY1IzUsfDE2NiM1LHwxNjcjNSx8MTY4IzUsfDE2OSM1LHwxNzAjNSx8MTcxIzUsfDE3MiM1LHwxNzMjNSx8MTc0IzUsfDE3NSM1LHwxNzYjNSx8MTc3IzUsfDE3OCM1LHwxNzkjNSx8MTgwIzUsfDE4MSM0LDUsfDE4MiM0LGAsfDE4MyM0LEYxLHwxODQjNCxGMix8MTg1IzQsRjMsfDE4NiM0LEY0LHwxODcjNSx8MTg4IzUsfDE4OSM1LHwxOTAjNSx8MTkxIzUsfDE5MiM1LA==
A17: Survival | C17: MCxfaGVhZGVyLGh1bnRlciwyNTUsLHwxLHNwZWxsLDE4NjI3MCxzcGVsbCwxLHwyLHNwZWxsLDI1OTQ4OSxzcGVsbCwyLHwzLHNwZWxsLDI1OTQ5NSxzcGVsbCwzLHw0LHNwZWxsLDEyNTA2NDYsc3BlbGwsNCx8NSxzcGVsbCwxMjYxMTkzLHNwZWxsLFEsfDYsc3BlbGwsMTI1MTU5MixzcGVsbCxFLHw3LHNwZWxsLDE5MzI2NSxzcGVsbCxSLHw4LHNwZWxsLDE5MDkyNSxzcGVsbCxGLHw5IzUsfDEwIzUsfDExIzUsfDEyIzUsfDEzIzUsfDE0IzUsfDE1IzUsfDE2IzUsfDE3IzUsfDE4IzUsfDE5IzUsfDIwIzUsfDIxIzUsfDIyIzUsfDIzIzUsfDI0IzUsfDI1LHNwZWxsLDUzODQsc3BlbGwsU0hJRlQtWix8MjYjNCxTSElGVC1YLHwyNyxtYWNybywxMDkyNDgsMTA5MjQ4LFNISUZULUMsLFFtbHVaR2x1WnlCVGFHOTBJQ2hIY205MWJtUXAsSTNOb2IzZDBiMjlzZEdsd0lFSnBibVJwYm1jZ1UyaHZkQW92WTJGemRDQmJRR04xY25OdmNsMGdRbWx1WkdsdVp5QlRhRzkwQ2c9PSxjfDI4LHNwZWxsLDUxMTYsc3BlbGwsU0hJRlQtVix8Mjksc3BlbGwsMjY0NzM1LHNwZWxsLFosfDMwLHNwZWxsLDE4NjI1NyxzcGVsbCxYLHwzMSxzcGVsbCwxOTU3NyxzcGVsbCxDLHwzMixzcGVsbCwxODc3MDcsc3BlbGwsVix8MzMjNSx8MzQjNSx8MzUjNSx8MzYjNSx8MzcjNCxBTFQtWixDVFJMLUJVVFRPTjV8Mzgsc3BlbGwsMjEyNjQwLHNwZWxsLEFMVC1YLENUUkwtQlVUVE9ONHwzOSxzcGVsbCw0MDcwMjgsc3BlbGwsQUxULUMsQUxULUJVVFRPTjV8NDAsc3BlbGwsMjEyNjM4LHNwZWxsLEFMVC1WLEFMVC1CVVRUT040fDQxIzQsQ1RSTC1aLFNISUZULUJVVFRPTjV8NDIjNCxDVFJMLVgsU0hJRlQtQlVUVE9ONHw0MyxzcGVsbCwxODYyNjUsc3BlbGwsQ1RSTC1DLEJVVFRPTjV8NDQsc3BlbGwsNzgxLHNwZWxsLEJVVFRPTjQsQ1RSTC1WfDQ1IzUsfDQ2IzUsfDQ3IzUsfDQ4IzUsfDQ5LHNwZWxsLDEwOTMwNCxzcGVsbCxDVFJMLTEsfDUwLHNwZWxsLDEzNixzcGVsbCxDVFJMLTIsfDUxLHNwZWxsLDk4MixzcGVsbCxDVFJMLTMsfDUyLHNwZWxsLDE5OTQ4MyxzcGVsbCxDVFJMLTQsfDUzLHNwZWxsLDE5ODAxLHNwZWxsLENUUkwtUSx8NTQsbWFjcm8sMTU0MywxNTQzLENUUkwtRSwsUm14aGNtVWdLRWR5YjNWdVpDaz0sSTNOb2IzZDBiMjlzZEdsd0lFWnNZWEpsQ2k5allYTjBJRnRBWTNWeWMyOXlYU0JHYkdGeVpRbz0sY3w1NSxzcGVsbCwyNzI2ODIsc3BlbGwsQ1RSTC1SLHw1NiM0LENUUkwtRix8NTcjNSx8NTgjNSx8NTkjNSx8NjAjNSx8NjEsc3BlbGwsMjU3Mjg0LHNwZWxsLFNISUZULTEsfDYyLHNwZWxsLDE4NjI4OSxzcGVsbCxTSElGVC0yLHw2MyM0LFNISUZULTMsfDY0LHNwZWxsLDUzNDgwLHNwZWxsLFNISUZULTQsfDY1LG1hY3JvLDE4NzY5OCwxODc2OTgsU0hJRlQtUSwsVkdGeUlGUnlZWEFnS0VkeWIzVnVaQ2s9LEkzTm9iM2QwYjI5c2RHbHdJRlJoY2lCVWNtRndDaTlqWVhOMElGdEFZM1Z5YzI5eVhTQlVZWElnVkhKaGNBbz0sY3w2NixtYWNybywxODc2NTAsMTg3NjUwLFNISUZULUUsLFJuSmxaWHBwYm1jZ1ZISmhjQ0FvUjNKdmRXNWtLUT09LEkzTm9iM2QwYjI5c2RHbHdJRVp5WldWNmFXNW5JRlJ5WVhBS0wyTmhjM1FnVzBCamRYSnpiM0pkSUVaeVpXVjZhVzVuSUZSeVlYQUssY3w2NyxzcGVsbCwzNDQ3NyxzcGVsbCxTSElGVC1SLHw2OCxzcGVsbCw4ODMsc3BlbGwsU0hJRlQtRix8NjkjNSx8NzAjNSx8NzEjNSx8NzIjNSx8NzMjNSx8NzQjNSx8NzUjNSx8NzYjNSx8NzcjNSx8NzgjNSx8NzkjNSx8ODAjNSx8ODEjNSx8ODIjNSx8ODMjNSx8ODQjNSx8ODUjNSx8ODYjNSx8ODcjNSx8ODgjNSx8ODkjNSx8OTAjNSx8OTEjNSx8OTIjNSx8OTMjNSx8OTQjNSx8OTUjNSx8OTYjNSx8OTcjNSx8OTgjNSx8OTkjNSx8MTAwIzUsfDEwMSM1LHwxMDIjNSx8MTAzIzUsfDEwNCM1LHwxMDUjNSx8MTA2IzUsfDEwNyM1LHwxMDgjNSx8MTA5IzUsfDExMCM1LHwxMTEjNSx8MTEyIzUsfDExMyM1LHwxMTQjNSx8MTE1IzUsfDExNiM1LHwxMTcjNSx8MTE4IzUsfDExOSM1LHwxMjAjNSx8MTIxLHNwZWxsLDM3MjYwOCxzcGVsbCwsfDEyMixzcGVsbCwzNzI2MTAsc3BlbGwsLHwxMjMsc3BlbGwsMzYxNTg0LHNwZWxsLCx8MTI0IzUsfDEyNSxzcGVsbCw0MjU3ODIsc3BlbGwsLHwxMjYsc3BlbGwsNDAzMDkyLHNwZWxsLCx8MTI3IzUsfDEyOCM1LHwxMjkjNSx8MTMwIzUsfDEzMSM1LHwxMzIjNSx8MTMzIzUsfDEzNCM1LHwxMzUjNSx8MTM2IzUsfDEzNyM1LHwxMzgjNSx8MTM5IzUsfDE0MCM1LHwxNDEjNSx8MTQyIzUsfDE0MyM1LHwxNDQjNSx8MTQ1LG1hY3JvLDEyMzE0MTEsMTIzMTQxMSxBTFQtMSwsUlc1b1lXNWpaVkZ2VEVobFlXeDBhRTFoWTNKdixJM05vYjNkMGIyOXNkR2x3Q2k5allYTjBJRnR1YjJOdmJXSmhkRjBnVW1WamRYQmxjbUYwWlFvdlkyRnpkSE5sY1hWbGJtTmxJRnRqYjIxaVlYUmRJSEpsYzJWMFBXTnZiV0poZENCcGRHVnRPakU1TVRNM09BPT0sYXwxNDYjNCxBTFQtMix8MTQ3LG1hY3JvLDE0NixpdGVtLEFMVC0zLCxSR0Z0WVdkbElGQnZkQT09LEkzTm9iM2QwYjI5c2RHbHdDaTkxYzJVZ2FYUmxiVG95TkRFek1EZ0ssYXwxNDgjNCxBTFQtNCx8MTQ5LG1hY3JvLDE0LCxBTFQtUSwsVkhKcGJtdGxkQ0F4LEkzTm9iM2QwYjI5c2RHbHdDaTkxYzJVZ1cwQmpkWEp6YjNKZE1UTUssYXwxNTAjNCxBTFQtRSx8MTUxIzQsQUxULVIsfDE1MiM0LEFMVC1GLHwxNTMjNSx8MTU0IzUsfDE1NSM1LHwxNTYjNSx8MTU3IzUsfDE1OCM1LHwxNTkjNSx8MTYwIzUsfDE2MSM1LHwxNjIjNSx8MTYzIzUsfDE2NCM1LHwxNjUjNSx8MTY2IzUsfDE2NyM1LHwxNjgjNSx8MTY5IzUsfDE3MCM1LHwxNzEjNSx8MTcyIzUsfDE3MyM1LHwxNzQsbWFjcm8sMCwsLHwxNzUjNSx8MTc2IzUsfDE3NyM1LHwxNzgjNSx8MTc5IzUsfDE4MCM1LHwxODEjNCw1LHwxODIjNCxgLHwxODMjNCxGMSx8MTg0IzQsRjIsfDE4NSM0LEYzLHwxODYjNCxGNCx8MTg3IzUsfDE4OCM1LHwxODkjNSx8MTkwIzUsfDE5MSM1LHwxOTIjNSw=
A18: Arcane | C18: MCxfaGVhZGVyLG1hZ2UsNjIsLHwxLHNwZWxsLDMwNDUxLHNwZWxsLDEsfDIsc3BlbGwsNDQ0MjUsc3BlbGwsMix8MyxzcGVsbCw1MTQzLHNwZWxsLDMsfDQsc3BlbGwsMTUzNjI2LHNwZWxsLDQsfDUsc3BlbGwsMzIxNTA3LHNwZWxsLFEsfDYsc3BlbGwsMTI0MTQ2MixzcGVsbCxFLHw3LHNwZWxsLDIwNTAyNSxzcGVsbCxSLHw4LHNwZWxsLDM2NTM1MCxzcGVsbCxGLHw5IzUsfDEwIzUsfDExIzUsfDEyIzUsfDEzIzUsfDE0IzUsfDE1IzUsfDE2IzUsfDE3IzUsfDE4IzUsfDE5IzUsfDIwIzUsfDIxIzUsfDIyIzUsfDIzIzUsfDI0IzUsfDI1IzQsU0hJRlQtWix8MjYjNCxTSElGVC1YLHwyNyxzcGVsbCwxNTc5ODAsc3BlbGwsU0hJRlQtQyx8MjgjNCxTSElGVC1WLHwyOSxzcGVsbCwyMzU0NTAsc3BlbGwsWix8MzAsc3BlbGwsMTk1MyxzcGVsbCxYLHwzMSxzcGVsbCwxMjIsc3BlbGwsQyx8MzIsc3BlbGwsMjEzOSxzcGVsbCxWLHwzMyM1LHwzNCM1LHwzNSM1LHwzNiM1LHwzNyxzcGVsbCwzNTIyNzgsc3BlbGwsQUxULVosQ1RSTC1CVVRUT041fDM4IzQsQUxULVgsQ1RSTC1CVVRUT040fDM5IzQsQUxULUMsQUxULUJVVFRPTjV8NDAsLDIyOTM3NixNT1VOVCxBTFQtVixBTFQtQlVUVE9ONHw0MSxzcGVsbCwxNDU5LHNwZWxsLENUUkwtWixTSElGVC1CVVRUT041fDQyLHNwZWxsLDE5MDMzNixzcGVsbCxDVFJMLVgsU0hJRlQtQlVUVE9ONHw0MyxzcGVsbCw0NTQzOCxzcGVsbCxDVFJMLUMsQlVUVE9ONXw0NCxzcGVsbCwxMTA5NTksc3BlbGwsQlVUVE9ONCxDVFJMLVZ8NDUjNSx8NDYjNSx8NDcjNSx8NDgjNSx8NDksc3BlbGwsMzQyMjQ1LHNwZWxsLENUUkwtMSx8NTAsc3BlbGwsNTUzNDIsc3BlbGwsQ1RSTC0yLHw1MSM0LENUUkwtMyx8NTIjNCxDVFJMLTQsfDUzLHNwZWxsLDMwNDQ5LHNwZWxsLENUUkwtUSx8NTQsc3BlbGwsNDc1LHNwZWxsLENUUkwtRSx8NTUsc3BlbGwsMTMwLHNwZWxsLENUUkwtUix8NTYsc3BlbGwsODAzNTMsc3BlbGwsQ1RSTC1GLHw1NyM1LHw1OCM1LHw1OSM1LHw2MCM1LHw2MSxzcGVsbCwxMjA1MSxzcGVsbCxTSElGVC0xLHw2MiM0LFNISUZULTIsfDYzIzQsU0hJRlQtMyx8NjQjNCxTSElGVC00LHw2NSxzcGVsbCwzODMxMjEsc3BlbGwsU0hJRlQtUSx8NjYsc3BlbGwsMTIwLHNwZWxsLFNISUZULUUsfDY3LHNwZWxsLDExOCxzcGVsbCxTSElGVC1SLHw2OCxzcGVsbCw0MTQ2NjQsc3BlbGwsU0hJRlQtRix8NjkjNSx8NzAjNSx8NzEjNSx8NzIjNSx8NzMjNSx8NzQjNSx8NzUjNSx8NzYjNSx8NzcjNSx8NzgjNSx8NzkjNSx8ODAjNSx8ODEjNSx8ODIjNSx8ODMjNSx8ODQjNSx8ODUjNSx8ODYjNSx8ODcjNSx8ODgjNSx8ODkjNSx8OTAjNSx8OTEjNSx8OTIjNSx8OTMjNSx8OTQjNSx8OTUjNSx8OTYjNSx8OTcjNSx8OTgjNSx8OTkjNSx8MTAwIzUsfDEwMSM1LHwxMDIjNSx8MTAzIzUsfDEwNCM1LHwxMDUjNSx8MTA2IzUsfDEwNyM1LHwxMDgjNSx8MTA5IzUsfDExMCM1LHwxMTEjNSx8MTEyIzUsfDExMyM1LHwxMTQjNSx8MTE1IzUsfDExNiM1LHwxMTcjNSx8MTE4IzUsfDExOSM1LHwxMjAjNSx8MTIxLHNwZWxsLDM3MjYwOCxzcGVsbCwsfDEyMixzcGVsbCwzNzI2MTAsc3BlbGwsLHwxMjMsc3BlbGwsMzYxNTg0LHNwZWxsLCx8MTI0IzUsfDEyNSxzcGVsbCw0MjU3ODIsc3BlbGwsLHwxMjYsc3BlbGwsNDAzMDkyLHNwZWxsLCx8MTI3IzUsfDEyOCM1LHwxMjkjNSx8MTMwIzUsfDEzMSM1LHwxMzIjNSx8MTMzIzUsfDEzNCM1LHwxMzUjNSx8MTM2IzUsfDEzNyM1LHwxMzgjNSx8MTM5IzUsfDE0MCM1LHwxNDEjNSx8MTQyIzUsfDE0MyM1LHwxNDQjNSx8MTQ1IzQsQUxULTEsfDE0NiM0LEFMVC0yLHwxNDcjNCxBTFQtMyx8MTQ4IzQsQUxULTQsfDE0OSxtYWNybywxNCwsQUxULVEsLFZISnBibXRsZENBeCxJM05vYjNkMGIyOXNkR2x3Q2k5MWMyVWdXMEJqZFhKemIzSmRNVE1LLGF8MTUwIzQsQUxULUUsfDE1MSM0LEFMVC1SLHwxNTIjNCxBTFQtRix8MTUzIzUsfDE1NCM1LHwxNTUjNSx8MTU2IzUsfDE1NyM1LHwxNTgjNSx8MTU5IzUsfDE2MCM1LHwxNjEjNSx8MTYyIzUsfDE2MyM1LHwxNjQjNSx8MTY1IzUsfDE2NiM1LHwxNjcjNSx8MTY4IzUsfDE2OSM1LHwxNzAjNSx8MTcxIzUsfDE3MiM1LHwxNzMjNSx8MTc0IzUsfDE3NSM1LHwxNzYjNSx8MTc3IzUsfDE3OCM1LHwxNzkjNSx8MTgwIzUsfDE4MSM0LDUsfDE4MiM0LGAsfDE4MyM0LEYxLHwxODQjNCxGMix8MTg1IzQsRjMsfDE4NiM0LEY0LHwxODcjNSx8MTg4IzUsfDE4OSM1LHwxOTAjNSx8MTkxIzUsfDE5MiM1LA==
A19: Fire | C19: MCxfaGVhZGVyLG1hZ2UsNjMsLHwxLHNwZWxsLDEzMyxzcGVsbCwxLHwyLHNwZWxsLDEwODg1MyxzcGVsbCwyLHwzLHNwZWxsLDExMzY2LHNwZWxsLDMsfDQsc3BlbGwsMjk0OCxzcGVsbCw0LHw1LHNwZWxsLDE5MDMxOSxzcGVsbCxRLHw2LHNwZWxsLDEyNTQ4NTEsc3BlbGwsRSx8NyxzcGVsbCwxNTM1NjEsc3BlbGwsUix8OCM0LEYsfDkjNSx8MTAjNSx8MTEjNSx8MTIjNSx8MTMjNSx8MTQjNSx8MTUjNSx8MTYjNSx8MTcjNSx8MTgjNSx8MTkjNSx8MjAjNSx8MjEjNSx8MjIjNSx8MjMjNSx8MjQjNSx8MjUjNCxTSElGVC1aLHwyNiM0LFNISUZULVgsfDI3LHNwZWxsLDE1Nzk4MCxzcGVsbCxTSElGVC1DLHwyOCM0LFNISUZULVYsfDI5LHNwZWxsLDIzNTMxMyxzcGVsbCxaLHwzMCxzcGVsbCwxOTUzLHNwZWxsLFgsfDMxLHNwZWxsLDEyMixzcGVsbCxDLHwzMixzcGVsbCwyMTM5LHNwZWxsLFYsfDMzIzUsfDM0IzUsfDM1IzUsfDM2IzUsfDM3LHNwZWxsLDM1MjI3OCxzcGVsbCxBTFQtWixDVFJMLUJVVFRPTjV8Mzgsc3BlbGwsMjAzMjg2LHNwZWxsLEFMVC1YLENUUkwtQlVUVE9ONHwzOSM0LEFMVC1DLEFMVC1CVVRUT041fDQwIzQsQUxULVYsQUxULUJVVFRPTjR8NDEsc3BlbGwsMTQ1OSxzcGVsbCxDVFJMLVosU0hJRlQtQlVUVE9ONXw0MixzcGVsbCwxOTAzMzYsc3BlbGwsQ1RSTC1YLFNISUZULUJVVFRPTjR8NDMsc3BlbGwsNDE0NjU4LHNwZWxsLENUUkwtQyxCVVRUT041fDQ0LHNwZWxsLDExMDk1OSxzcGVsbCxCVVRUT040LENUUkwtVnw0NSM1LHw0NiM1LHw0NyM1LHw0OCM1LHw0OSxzcGVsbCwzNDIyNDUsc3BlbGwsQ1RSTC0xLHw1MCxzcGVsbCw1NTM0MixzcGVsbCxDVFJMLTIsfDUxIzQsQ1RSTC0zLHw1MiM0LENUUkwtNCx8NTMsc3BlbGwsMzA0NDksc3BlbGwsQ1RSTC1RLHw1NCxzcGVsbCw0NzUsc3BlbGwsQ1RSTC1FLHw1NSxzcGVsbCwxMzAsc3BlbGwsQ1RSTC1SLHw1NixzcGVsbCw4MDM1MyxzcGVsbCxDVFJMLUYsfDU3IzUsfDU4IzUsfDU5IzUsfDYwIzUsfDYxIzQsU0hJRlQtMSx8NjIjNCxTSElGVC0yLHw2MyM0LFNISUZULTMsfDY0IzQsU0hJRlQtNCx8NjUsc3BlbGwsMzgzMTIxLHNwZWxsLFNISUZULVEsfDY2LHNwZWxsLDEyMCxzcGVsbCxTSElGVC1FLHw2NyxzcGVsbCwxMTgsc3BlbGwsU0hJRlQtUix8Njgsc3BlbGwsNDE0NjY0LHNwZWxsLFNISUZULUYsfDY5IzUsfDcwIzUsfDcxIzUsfDcyIzUsfDczIzUsfDc0IzUsfDc1IzUsfDc2IzUsfDc3IzUsfDc4IzUsfDc5IzUsfDgwIzUsfDgxIzUsfDgyIzUsfDgzIzUsfDg0IzUsfDg1IzUsfDg2IzUsfDg3IzUsfDg4IzUsfDg5IzUsfDkwIzUsfDkxIzUsfDkyIzUsfDkzIzUsfDk0IzUsfDk1IzUsfDk2IzUsfDk3IzUsfDk4IzUsfDk5IzUsfDEwMCM1LHwxMDEjNSx8MTAyIzUsfDEwMyM1LHwxMDQjNSx8MTA1IzUsfDEwNiM1LHwxMDcjNSx8MTA4IzUsfDEwOSM1LHwxMTAjNSx8MTExIzUsfDExMiM1LHwxMTMjNSx8MTE0IzUsfDExNSM1LHwxMTYjNSx8MTE3IzUsfDExOCM1LHwxMTkjNSx8MTIwIzUsfDEyMSxzcGVsbCwzNzI2MDgsc3BlbGwsLHwxMjIsc3BlbGwsMzcyNjEwLHNwZWxsLCx8MTIzLHNwZWxsLDM2MTU4NCxzcGVsbCwsfDEyNCM1LHwxMjUsc3BlbGwsNDI1NzgyLHNwZWxsLCx8MTI2LHNwZWxsLDQwMzA5MixzcGVsbCwsfDEyNyM1LHwxMjgjNSx8MTI5IzUsfDEzMCM1LHwxMzEjNSx8MTMyIzUsfDEzMyM1LHwxMzQjNSx8MTM1IzUsfDEzNiM1LHwxMzcjNSx8MTM4IzUsfDEzOSM1LHwxNDAjNSx8MTQxIzUsfDE0MiM1LHwxNDMjNSx8MTQ0IzUsfDE0NSxtYWNybywxMjMxNDExLDEyMzE0MTEsQUxULTEsLFJXNW9ZVzVqWlZGdlRFaGxZV3gwYUUxaFkzSnYsSTNOb2IzZDBiMjlzZEdsd0NpOWpZWE4wSUZ0dWIyTnZiV0poZEYwZ1VtVmpkWEJsY21GMFpRPT0sYXwxNDYsbWFjcm8sMTkwMzM2LHNwZWxsLEFMVC0yLCxSVzVvWVc1alpWRnZURVJ5YVc1clRXRmpjbTg9LEkzTm9iM2QwYjI5c2RHbHdDaTlqWVhOMGMyVnhkV1Z1WTJVZ2NtVnpaWFE5WTI5dFltRjBJRU52Ym1wMWNtVWdVbVZtY21WemFHMWxiblE9LGF8MTQ3LG1hY3JvLDE0NixpdGVtLEFMVC0zLCxSR0Z0WVdkbElGQnZkQT09LEkzTm9iM2QwYjI5c2RHbHdDaTkxYzJVZ2FYUmxiVG95TkRFek1EZ0ssYXwxNDgsbWFjcm8sMTEsLEFMVC00LCxVR3hoWTJWb2IyeGtaWEk9LFVHeGhZMlZvYjJ4a1pYSWdiV0ZqY204Z1ptOXlJR2wwWlcxeklHeHBhMlVnYm1sMGNtOGdZbTl2YzNRZ2IzSWdjMnh2ZHlCbVlXeHNJR05zYjJGckxnbz0sYXwxNDksbWFjcm8sMTQsLEFMVC1RLCxWSEpwYm10bGRDQXgsSTNOb2IzZDBiMjlzZEdsd0NpOTFjMlVnVzBCamRYSnpiM0pkTVRNSyxhfDE1MCxzcGVsbCwyNTY5NDgsc3BlbGwsQUxULUUsfDE1MSM0LEFMVC1SLHwxNTIjNCxBTFQtRix8MTUzIzUsfDE1NCM1LHwxNTUjNSx8MTU2IzUsfDE1NyM1LHwxNTgjNSx8MTU5IzUsfDE2MCM1LHwxNjEjNSx8MTYyIzUsfDE2MyM1LHwxNjQjNSx8MTY1IzUsfDE2NiM1LHwxNjcjNSx8MTY4IzUsfDE2OSM1LHwxNzAjNSx8MTcxIzUsfDE3MiM1LHwxNzMjNSx8MTc0IzUsfDE3NSM1LHwxNzYjNSx8MTc3IzUsfDE3OCM1LHwxNzkjNSx8MTgwIzUsfDE4MSM0LDUsfDE4MiM0LGAsfDE4MyM0LEYxLHwxODQjNCxGMix8MTg1IzQsRjMsfDE4NiM0LEY0LHwxODcjNSx8MTg4IzUsfDE4OSM1LHwxOTAjNSx8MTkxIzUsfDE5MiM1LA==
A20: Frost | C20: MCxfaGVhZGVyLG1hZ2UsNjQsLHwxLHNwZWxsLDE5OTc4NixzcGVsbCwxLHwyLHNwZWxsLDMwNDU1LHNwZWxsLDIsfDMsc3BlbGwsNDQ2MTQsc3BlbGwsMyx8NCxzcGVsbCw4NDcxNCxzcGVsbCw0LHw1LHNwZWxsLDIwNTAyMSxzcGVsbCxRLHw2LG1hY3JvLDE5MDM1NiwxOTAzNTYsRSwsUW14cGVucGhjbVFnS0VkeWIzVnVaQ2s9LEkzTm9iM2QwYjI5c2RHbHdJRUpzYVhwNllYSmtDaTlqWVhOMElGdEFZM1Z5YzI5eVhTQkNiR2w2ZW1GeVpBbz0sY3w3IzQsUix8OCM0LEYsfDkjNSx8MTAjNSx8MTEjNSx8MTIjNSx8MTMjNSx8MTQjNSx8MTUjNSx8MTYjNSx8MTcjNSx8MTgjNSx8MTkjNSx8MjAjNSx8MjEjNSx8MjIjNSx8MjMjNSx8MjQjNSx8MjUjNCxTSElGVC1aLHwyNiM0LFNISUZULVgsfDI3LHNwZWxsLDE1Nzk4MCxzcGVsbCxTSElGVC1DLHwyOCM0LFNISUZULVYsfDI5LHNwZWxsLDExNDI2LHNwZWxsLFosfDMwLHNwZWxsLDE5NTMsc3BlbGwsWCx8MzEsc3BlbGwsMTIyLHNwZWxsLEMsfDMyLHNwZWxsLDIxMzksc3BlbGwsVix8MzMjNSx8MzQjNSx8MzUjNSx8MzYjNSx8Mzcsc3BlbGwsMzUyMjc4LHNwZWxsLEFMVC1aLENUUkwtQlVUVE9ONXwzOCxzcGVsbCwzOTA2MTIsc3BlbGwsQUxULVgsQ1RSTC1CVVRUT040fDM5LHNwZWxsLDM5MDYxMixzcGVsbCxBTFQtQyxBTFQtQlVUVE9ONXw0MCxzdW1tb25tb3VudCwyMjkzNzYsLEFMVC1WLEFMVC1CVVRUT040fDQxLHNwZWxsLDE0NTksc3BlbGwsQ1RSTC1aLFNISUZULUJVVFRPTjV8NDIsc3BlbGwsMTkwMzM2LHNwZWxsLENUUkwtWCxTSElGVC1CVVRUT040fDQzLHNwZWxsLDQ1NDM4LHNwZWxsLENUUkwtQyxCVVRUT041fDQ0LHNwZWxsLDExMDk1OSxzcGVsbCxCVVRUT040LENUUkwtVnw0NSM1LHw0NiM1LHw0NyM1LHw0OCM1LHw0OSxzcGVsbCwzNDIyNDUsc3BlbGwsQ1RSTC0xLHw1MCxzcGVsbCw1NTM0MixzcGVsbCxDVFJMLTIsfDUxIzQsQ1RSTC0zLHw1MiM0LENUUkwtNCx8NTMsc3BlbGwsMzA0NDksc3BlbGwsQ1RSTC1RLHw1NCxzcGVsbCw0NzUsc3BlbGwsQ1RSTC1FLHw1NSxzcGVsbCwxMzAsc3BlbGwsQ1RSTC1SLHw1NixzcGVsbCw4MDM1MyxzcGVsbCxDVFJMLUYsfDU3IzUsfDU4IzUsfDU5IzUsfDYwIzUsfDYxIzQsU0hJRlQtMSx8NjIjNCxTSElGVC0yLHw2MyM0LFNISUZULTMsfDY0LHNwZWxsLDE0NDksc3BlbGwsU0hJRlQtNCx8NjUsc3BlbGwsMzgzMTIxLHNwZWxsLFNISUZULVEsfDY2LHNwZWxsLDEyMCxzcGVsbCxTSElGVC1FLHw2NyxzcGVsbCwxMTgsc3BlbGwsU0hJRlQtUix8Njgsc3BlbGwsNDE0NjY0LHNwZWxsLFNISUZULUYsfDY5IzUsfDcwIzUsfDcxIzUsfDcyIzUsfDczIzUsfDc0IzUsfDc1IzUsfDc2IzUsfDc3IzUsfDc4IzUsfDc5IzUsfDgwIzUsfDgxIzUsfDgyIzUsfDgzIzUsfDg0IzUsfDg1IzUsfDg2IzUsfDg3IzUsfDg4IzUsfDg5IzUsfDkwIzUsfDkxIzUsfDkyIzUsfDkzIzUsfDk0IzUsfDk1IzUsfDk2IzUsfDk3IzUsfDk4IzUsfDk5IzUsfDEwMCM1LHwxMDEjNSx8MTAyIzUsfDEwMyM1LHwxMDQjNSx8MTA1IzUsfDEwNiM1LHwxMDcjNSx8MTA4IzUsfDEwOSM1LHwxMTAjNSx8MTExIzUsfDExMiM1LHwxMTMjNSx8MTE0IzUsfDExNSM1LHwxMTYjNSx8MTE3IzUsfDExOCM1LHwxMTkjNSx8MTIwIzUsfDEyMSxzcGVsbCwzNzI2MDgsc3BlbGwsLHwxMjIsc3BlbGwsMzcyNjEwLHNwZWxsLCx8MTIzLHNwZWxsLDM2MTU4NCxzcGVsbCwsfDEyNCM1LHwxMjUsc3BlbGwsNDI1NzgyLHNwZWxsLCx8MTI2LHNwZWxsLDQwMzA5MixzcGVsbCwsfDEyNyM1LHwxMjgjNSx8MTI5IzUsfDEzMCM1LHwxMzEjNSx8MTMyIzUsfDEzMyM1LHwxMzQjNSx8MTM1IzUsfDEzNiM1LHwxMzcjNSx8MTM4IzUsfDEzOSM1LHwxNDAjNSx8MTQxIzUsfDE0MiM1LHwxNDMjNSx8MTQ0IzUsfDE0NSxtYWNybywxMjMxNDExLDEyMzE0MTEsQUxULTEsLFJXNW9ZVzVqWlZGdlRFaGxZV3gwYUUxaFkzSnYsSTNOb2IzZDBiMjlzZEdsd0NpOWpZWE4wSUZ0dWIyTnZiV0poZEYwZ1VtVmpkWEJsY21GMFpRPT0sYXwxNDYjNCxBTFQtMix8MTQ3LG1hY3JvLDE0NixpdGVtLEFMVC0zLCxSR0Z0WVdkbElGQnZkQT09LEkzTm9iM2QwYjI5c2RHbHdDaTkxYzJVZ2FYUmxiVG95TkRFek1EZ0ssYXwxNDgjNCxBTFQtNCx8MTQ5LG1hY3JvLDE0LCxBTFQtUSwsVkhKcGJtdGxkQ0F4LEkzTm9iM2QwYjI5c2RHbHdDaTkxYzJVZ1cwQmpkWEp6YjNKZE1UTUssYXwxNTAjNCxBTFQtRSx8MTUxIzQsQUxULVIsfDE1MiM0LEFMVC1GLHwxNTMjNSx8MTU0IzUsfDE1NSM1LHwxNTYjNSx8MTU3IzUsfDE1OCM1LHwxNTkjNSx8MTYwIzUsfDE2MSM1LHwxNjIjNSx8MTYzIzUsfDE2NCM1LHwxNjUjNSx8MTY2IzUsfDE2NyM1LHwxNjgjNSx8MTY5IzUsfDE3MCM1LHwxNzEjNSx8MTcyIzUsfDE3MyM1LHwxNzQjNSx8MTc1IzUsfDE3NiM1LHwxNzcjNSx8MTc4IzUsfDE3OSM1LHwxODAjNSx8MTgxIzQsNSx8MTgyIzQsYCx8MTgzIzQsRjEsfDE4NCM0LEYyLHwxODUjNCxGMyx8MTg2IzQsRjQsfDE4NyM1LHwxODgjNSx8MTg5IzUsfDE5MCM1LHwxOTEjNSx8MTkyIzUs
A21: Brewmaster | C21: MCxfaGVhZGVyLG1vbmssMjY4LCx8MSxzcGVsbCwxMDA3ODAsc3BlbGwsMSx8MixzcGVsbCwyMDU1MjMsc3BlbGwsMix8MyxzcGVsbCwxMjEyNTMsc3BlbGwsMyx8NCxzcGVsbCwxMTUxODEsc3BlbGwsNCx8NSxzcGVsbCwxMjQxMDU5LHNwZWxsLFEsfDYsc3BlbGwsMTE5NTgyLHNwZWxsLEUsfDcsc3BlbGwsMzIyNzI5LHNwZWxsLFIsfDgsc3BlbGwsMTE2ODQ3LHNwZWxsLEYsfDkjNSx8MTAjNSx8MTEjNSx8MTIjNSx8MTMjNSx8MTQjNSx8MTUjNSx8MTYjNSx8MTcjNSx8MTgjNSx8MTkjNSx8MjAjNSx8MjEjNSx8MjIjNSx8MjMjNSx8MjQjNSx8MjUjNCxTSElGVC1aLHwyNixzcGVsbCwxMTY4NDEsc3BlbGwsU0hJRlQtWCx8Mjcsc3BlbGwsMTE1MDc4LHNwZWxsLFNISUZULUMsfDI4LHNwZWxsLDExNjA5NSxzcGVsbCxTSElGVC1WLHwyOSxzcGVsbCwxMTUyMDMsc3BlbGwsWix8MzAsc3BlbGwsMTA5MTMyLHNwZWxsLFgsfDMxLHNwZWxsLDExOTM4MSxzcGVsbCxDLHwzMixzcGVsbCwxMTY3MDUsc3BlbGwsVix8MzMjNSx8MzQjNSx8MzUjNSx8MzYjNSx8Mzcsc3BlbGwsMzU0NTQwLHNwZWxsLEFMVC1aLENUUkwtQlVUVE9ONXwzOCxzcGVsbCwyMDIzMzUsc3BlbGwsQUxULVgsQ1RSTC1CVVRUT040fDM5IzQsQUxULUMsQUxULUJVVFRPTjV8NDAjNCxBTFQtVixBTFQtQlVUVE9ONHw0MSM0LENUUkwtWixTSElGVC1CVVRUT041fDQyLHNwZWxsLDExNTE3OCxzcGVsbCxDVFJMLVgsU0hJRlQtQlVUVE9ONHw0MyM0LENUUkwtQyxCVVRUT041fDQ0LHNwZWxsLDExNTU0NixzcGVsbCxCVVRUT040LENUUkwtVnw0NSM1LHw0NiM1LHw0NyM1LHw0OCM1LHw0OSxzcGVsbCwxMTY2NzAsc3BlbGwsQ1RSTC0xLHw1MCxzcGVsbCwzMjIxMDEsc3BlbGwsQ1RSTC0yLHw1MSxzcGVsbCwxMTUxNzUsc3BlbGwsQ1RSTC0zLHw1MixzcGVsbCwxMTUzOTksc3BlbGwsQ1RSTC00LHw1MyxzcGVsbCw0MzQ3NjMsc3BlbGwsQ1RSTC1RLHw1NCxzcGVsbCwyMTgxNjQsc3BlbGwsQ1RSTC1FLHw1NSxzcGVsbCwxMjU4ODMsc3BlbGwsQ1RSTC1SLHw1NixzcGVsbCwxMTUzMTUsc3BlbGwsQ1RSTC1GLHw1NyM1LHw1OCM1LHw1OSM1LHw2MCM1LHw2MSxzcGVsbCwxMzI1Nzgsc3BlbGwsU0hJRlQtMSx8NjIsc3BlbGwsMzI1MTUzLHNwZWxsLFNISUZULTIsfDYzLHNwZWxsLDEyMzk4NixzcGVsbCxTSElGVC0zLHw2NCM0LFNISUZULTQsfDY1LHNwZWxsLDQzNDc2NixzcGVsbCxTSElGVC1RLHw2NixzcGVsbCwxMTY4NDQsc3BlbGwsU0hJRlQtRSx8Njcsc3BlbGwsMTE3OTUyLHNwZWxsLFNISUZULVIsfDY4LHNwZWxsLDMyMjEwOSxzcGVsbCxTSElGVC1GLHw2OSM1LHw3MCM1LHw3MSM1LHw3MiM1LHw3MyM1LHw3NCM1LHw3NSM1LHw3NiM1LHw3NyM1LHw3OCM1LHw3OSM1LHw4MCM1LHw4MSM1LHw4MiM1LHw4MyM1LHw4NCM1LHw4NSM1LHw4NiM1LHw4NyM1LHw4OCM1LHw4OSM1LHw5MCM1LHw5MSM1LHw5MiM1LHw5MyM1LHw5NCM1LHw5NSM1LHw5NiM1LHw5NyM1LHw5OCM1LHw5OSM1LHwxMDAjNSx8MTAxIzUsfDEwMiM1LHwxMDMjNSx8MTA0IzUsfDEwNSM1LHwxMDYjNSx8MTA3IzUsfDEwOCM1LHwxMDkjNSx8MTEwIzUsfDExMSM1LHwxMTIjNSx8MTEzIzUsfDExNCM1LHwxMTUjNSx8MTE2IzUsfDExNyM1LHwxMTgjNSx8MTE5IzUsfDEyMCM1LHwxMjEsc3BlbGwsMzcyNjA4LHNwZWxsLCx8MTIyLHNwZWxsLDM3MjYxMCxzcGVsbCwsfDEyMyxzcGVsbCwzNjE1ODQsc3BlbGwsLHwxMjQjNSx8MTI1LHNwZWxsLDQwMzA5MixzcGVsbCwsfDEyNixzcGVsbCw0MjU3ODIsc3BlbGwsLHwxMjcjNSx8MTI4IzUsfDEyOSM1LHwxMzAjNSx8MTMxIzUsfDEzMiM1LHwxMzMjNSx8MTM0IzUsfDEzNSM1LHwxMzYjNSx8MTM3IzUsfDEzOCM1LHwxMzkjNSx8MTQwIzUsfDE0MSM1LHwxNDIjNSx8MTQzIzUsfDE0NCM1LHwxNDUsbWFjcm8sMTIzMTQxMSwxMjMxNDExLEFMVC0xLCxSVzVvWVc1alpWRnZURWhsWVd4MGFFMWhZM0p2LEkzTm9iM2QwYjI5c2RHbHdDaTlqWVhOMElGdHViMk52YldKaGRGMGdVbVZqZFhCbGNtRjBaUW92WTJGemRITmxjWFZsYm1ObElGdGpiMjFpWVhSZElISmxjMlYwUFdOdmJXSmhkQ0JwZEdWdE9qSXhNVGczT1E9PSxhfDE0NiM0LEFMVC0yLHwxNDcsbWFjcm8sMTQ2LGl0ZW0sQUxULTMsLFJHRnRZV2RsSUZCdmRBPT0sSTNOb2IzZDBiMjlzZEdsd0NpOTFjMlVnYVhSbGJUb3lOREV6TURnSyxhfDE0OCxtYWNybywxMSwsQUxULTQsLFVHeGhZMlZvYjJ4a1pYST0sVUd4aFkyVm9iMnhrWlhJZ2JXRmpjbThnWm05eUlHbDBaVzF6SUd4cGEyVWdibWwwY204Z1ltOXZjM1FnYjNJZ2MyeHZkeUJtWVd4c0lHTnNiMkZyTGdvPSxhfDE0OSxtYWNybywxNCwsQUxULVEsLFZISnBibXRsZENBeCxJM05vYjNkMGIyOXNkR2x3Q2k5MWMyVWdXMEJqZFhKemIzSmRNVE1LLGF8MTUwLHNwZWxsLDU4OTg0LHNwZWxsLEFMVC1FLHwxNTEjNCxBTFQtUix8MTUyIzQsQUxULUYsfDE1MyM1LHwxNTQjNSx8MTU1IzUsfDE1NiM1LHwxNTcjNSx8MTU4IzUsfDE1OSM1LHwxNjAjNSx8MTYxIzUsfDE2MiM1LHwxNjMjNSx8MTY0IzUsfDE2NSM1LHwxNjYjNSx8MTY3IzUsfDE2OCM1LHwxNjkjNSx8MTcwIzUsfDE3MSM1LHwxNzIjNSx8MTczIzUsfDE3NCM1LHwxNzUjNSx8MTc2IzUsfDE3NyM1LHwxNzgjNSx8MTc5IzUsfDE4MCM1LHwxODEjNCw1LHwxODIjNCxgLHwxODMjNCxGMSx8MTg0IzQsRjIsfDE4NSM0LEYzLHwxODYjNCxGNCx8MTg3IzUsfDE4OCM1LHwxODkjNSx8MTkwIzUsfDE5MSM1LHwxOTIjNSw=
A22: Mistweaver | C22: MCxfaGVhZGVyLG1vbmssMjcwLCx8MSxzcGVsbCwxMDA3ODAsc3BlbGwsMSx8MixzcGVsbCwxMDA3ODQsc3BlbGwsMix8MyxzcGVsbCwxMDc0Mjgsc3BlbGwsMyx8NCxzcGVsbCwxMDE1NDYsc3BlbGwsNCx8NSxzcGVsbCwzOTk0OTEsc3BlbGwsUSx8NixzcGVsbCwxMTUxNTEsc3BlbGwsRSx8NyxzcGVsbCwxMjQ2ODIsc3BlbGwsUix8OCxzcGVsbCwxMTUxNzUsc3BlbGwsRix8OSM1LHwxMCM1LHwxMSM1LHwxMiM1LHwxMyM1LHwxNCM1LHwxNSM1LHwxNiM1LHwxNyM1LHwxOCM1LHwxOSM1LHwyMCM1LHwyMSM1LHwyMiM1LHwyMyM1LHwyNCM1LHwyNSM0LFNISUZULVosfDI2LHNwZWxsLDExNjg0MSxzcGVsbCxTSElGVC1YLHwyNyxzcGVsbCwxMTUwNzgsc3BlbGwsU0hJRlQtQyx8Mjgsc3BlbGwsMTE2MDk1LHNwZWxsLFNISUZULVYsfDI5LHNwZWxsLDExNTIwMyxzcGVsbCxaLHwzMCxzcGVsbCwxMDkxMzIsc3BlbGwsWCx8MzEsc3BlbGwsMTE5MzgxLHNwZWxsLEMsfDMyLHNwZWxsLDExNjcwNSxzcGVsbCxWLHwzMyM1LHwzNCM1LHwzNSM1LHwzNiM1LHwzNyM0LEFMVC1aLENUUkwtQlVUVE9ONXwzOCM0LEFMVC1YLENUUkwtQlVUVE9ONHwzOSM0LEFMVC1DLEFMVC1CVVRUT041fDQwIzQsQUxULVYsQUxULUJVVFRPTjR8NDEjNCxDVFJMLVosU0hJRlQtQlVUVE9ONXw0MixzcGVsbCwyMTIwNTEsc3BlbGwsQ1RSTC1YLFNISUZULUJVVFRPTjR8NDMjNCxDVFJMLUMsQlVUVE9ONXw0NCxzcGVsbCwxMTU1NDYsc3BlbGwsQlVUVE9ONCxDVFJMLVZ8NDUjNSx8NDYjNSx8NDcjNSx8NDgjNSx8NDksc3BlbGwsMTE2NjgwLHNwZWxsLENUUkwtMSx8NTAsc3BlbGwsMTI0MjQ2OCxzcGVsbCxDVFJMLTIsfDUxIzQsQ1RSTC0zLHw1MiM0LENUUkwtNCx8NTMsc3BlbGwsMTAxNjQzLHNwZWxsLENUUkwtUSx8NTQsc3BlbGwsMTE1NDUwLHNwZWxsLENUUkwtRSx8NTUsc3BlbGwsMTI1ODgzLHNwZWxsLENUUkwtUix8NTYsc3BlbGwsMTE1MzEzLHNwZWxsLENUUkwtRix8NTcjNSx8NTgjNSx8NTkjNSx8NjAjNSx8NjEsc3BlbGwsMzI1MTk3LHNwZWxsLFNISUZULTEsfDYyLHNwZWxsLDExNTMxMCxzcGVsbCxTSElGVC0yLHw2MyxzcGVsbCw0NDMwMjgsc3BlbGwsU0hJRlQtMyx8NjQsc3BlbGwsMTE2ODQ5LHNwZWxsLFNISUZULTQsfDY1LHNwZWxsLDExOTk5NixzcGVsbCxTSElGVC1RLHw2NixzcGVsbCwxMTY4NDQsc3BlbGwsU0hJRlQtRSx8Njcsc3BlbGwsMTE3OTUyLHNwZWxsLFNISUZULVIsfDY4LHNwZWxsLDMyMjEwOSxzcGVsbCxTSElGVC1GLHw2OSM1LHw3MCM1LHw3MSM1LHw3MiM1LHw3MyM1LHw3NCM1LHw3NSM1LHw3NiM1LHw3NyM1LHw3OCM1LHw3OSM1LHw4MCM1LHw4MSM1LHw4MiM1LHw4MyM1LHw4NCM1LHw4NSM1LHw4NiM1LHw4NyM1LHw4OCM1LHw4OSM1LHw5MCM1LHw5MSM1LHw5MiM1LHw5MyM1LHw5NCM1LHw5NSM1LHw5NiM1LHw5NyM1LHw5OCM1LHw5OSM1LHwxMDAjNSx8MTAxIzUsfDEwMiM1LHwxMDMjNSx8MTA0IzUsfDEwNSM1LHwxMDYjNSx8MTA3IzUsfDEwOCM1LHwxMDkjNSx8MTEwIzUsfDExMSM1LHwxMTIjNSx8MTEzIzUsfDExNCM1LHwxMTUjNSx8MTE2IzUsfDExNyM1LHwxMTgjNSx8MTE5IzUsfDEyMCM1LHwxMjEsc3BlbGwsMzcyNjA4LHNwZWxsLCx8MTIyLHNwZWxsLDM3MjYxMCxzcGVsbCwsfDEyMyxzcGVsbCwzNjE1ODQsc3BlbGwsLHwxMjQjNSx8MTI1LHNwZWxsLDQwMzA5MixzcGVsbCwsfDEyNixzcGVsbCw0MjU3ODIsc3BlbGwsLHwxMjcjNSx8MTI4IzUsfDEyOSM1LHwxMzAjNSx8MTMxIzUsfDEzMiM1LHwxMzMjNSx8MTM0IzUsfDEzNSM1LHwxMzYjNSx8MTM3IzUsfDEzOCM1LHwxMzkjNSx8MTQwIzUsfDE0MSM1LHwxNDIjNSx8MTQzIzUsfDE0NCM1LHwxNDUsbWFjcm8sMTIzMTQxMSwxMjMxNDExLEFMVC0xLCxSVzVvWVc1alpWRnZURWhsWVd4MGFFMWhZM0p2LEkzTm9iM2QwYjI5c2RHbHdDaTlqWVhOMElGdHViMk52YldKaGRGMGdVbVZqZFhCbGNtRjBaUW92WTJGemRITmxjWFZsYm1ObElGdGpiMjFpWVhSZElISmxjMlYwUFdOdmJXSmhkQ0JwZEdWdE9qSXhNVGczT1E9PSxhfDE0NiM0LEFMVC0yLHwxNDcsbWFjcm8sMTQ2LGl0ZW0sQUxULTMsLFJHRnRZV2RsSUZCdmRBPT0sSTNOb2IzZDBiMjlzZEdsd0NpOTFjMlVnYVhSbGJUb3lOREV6TURnSyxhfDE0OCxtYWNybywxMSwsQUxULTQsLFVHeGhZMlZvYjJ4a1pYST0sVUd4aFkyVm9iMnhrWlhJZ2JXRmpjbThnWm05eUlHbDBaVzF6SUd4cGEyVWdibWwwY204Z1ltOXZjM1FnYjNJZ2MyeHZkeUJtWVd4c0lHTnNiMkZyTGdvPSxhfDE0OSxtYWNybywxNCwsQUxULVEsLFZISnBibXRsZENBeCxJM05vYjNkMGIyOXNkR2x3Q2k5MWMyVWdXMEJqZFhKemIzSmRNVE1LLGF8MTUwLHNwZWxsLDU4OTg0LHNwZWxsLEFMVC1FLHwxNTEjNCxBTFQtUix8MTUyIzQsQUxULUYsfDE1MyM1LHwxNTQjNSx8MTU1IzUsfDE1NiM1LHwxNTcjNSx8MTU4IzUsfDE1OSM1LHwxNjAjNSx8MTYxIzUsfDE2MiM1LHwxNjMjNSx8MTY0IzUsfDE2NSM1LHwxNjYjNSx8MTY3IzUsfDE2OCM1LHwxNjkjNSx8MTcwIzUsfDE3MSM1LHwxNzIjNSx8MTczIzUsfDE3NCM1LHwxNzUjNSx8MTc2IzUsfDE3NyM1LHwxNzgjNSx8MTc5IzUsfDE4MCM1LHwxODEjNCw1LHwxODIjNCxgLHwxODMjNCxGMSx8MTg0IzQsRjIsfDE4NSM0LEYzLHwxODYjNCxGNCx8MTg3IzUsfDE4OCM1LHwxODkjNSx8MTkwIzUsfDE5MSM1LHwxOTIjNSw=
A23: Windwalker | C23: MCxfaGVhZGVyLG1vbmssMjY5LCx8MSxzcGVsbCwxMDA3ODAsc3BlbGwsMSx8MixzcGVsbCwxMDA3ODQsc3BlbGwsMix8MyxzcGVsbCwxMDc0Mjgsc3BlbGwsMyx8NCxzcGVsbCwxMTM2NTYsc3BlbGwsNCx8NSxzcGVsbCwzOTI5ODMsc3BlbGwsUSx8NixzcGVsbCwxNTIxNzUsc3BlbGwsRSx8NyxzcGVsbCwxMDE1NDYsc3BlbGwsUix8OCxzcGVsbCwxMjQ5NjI1LHNwZWxsLEYsfDkjNSx8MTAjNSx8MTEjNSx8MTIjNSx8MTMjNSx8MTQjNSx8MTUjNSx8MTYjNSx8MTcjNSx8MTgjNSx8MTkjNSx8MjAjNSx8MjEjNSx8MjIjNSx8MjMjNSx8MjQjNSx8MjUsc3BlbGwsMTIyNDcwLHNwZWxsLFNISUZULVosfDI2LHNwZWxsLDExNjg0MSxzcGVsbCxTSElGVC1YLHwyNyxzcGVsbCwxMTUwNzgsc3BlbGwsU0hJRlQtQyx8Mjgsc3BlbGwsMTE2MDk1LHNwZWxsLFNISUZULVYsfDI5LHNwZWxsLDExNTIwMyxzcGVsbCxaLHwzMCxzcGVsbCwxMDkxMzIsc3BlbGwsWCx8MzEsc3BlbGwsMTE5MzgxLHNwZWxsLEMsfDMyLHNwZWxsLDExNjcwNSxzcGVsbCxWLHwzMyM1LHwzNCM1LHwzNSM1LHwzNiM1LHwzNyxzcGVsbCwyMzM3NTksc3BlbGwsQUxULVosQ1RSTC1CVVRUT041fDM4IzQsQUxULVgsQ1RSTC1CVVRUT040fDM5IzQsQUxULUMsQUxULUJVVFRPTjV8NDAjNCxBTFQtVixBTFQtQlVUVE9ONHw0MSM0LENUUkwtWixTSElGVC1CVVRUT041fDQyLHNwZWxsLDExNTE3OCxzcGVsbCxDVFJMLVgsU0hJRlQtQlVUVE9ONHw0MyM0LENUUkwtQyxCVVRUT041fDQ0LHNwZWxsLDExNTU0NixzcGVsbCxCVVRUT040LENUUkwtVnw0NSM1LHw0NiM1LHw0NyM1LHw0OCM1LHw0OSxzcGVsbCwxMTY2NzAsc3BlbGwsQ1RSTC0xLHw1MCM0LENUUkwtMix8NTEsc3BlbGwsMTE1MTc1LHNwZWxsLENUUkwtMyx8NTIjNCxDVFJMLTQsfDUzLHNwZWxsLDEwMTY0MyxzcGVsbCxDVFJMLVEsfDU0LHNwZWxsLDIxODE2NCxzcGVsbCxDVFJMLUUsfDU1LHNwZWxsLDEyNTg4MyxzcGVsbCxDVFJMLVIsfDU2IzQsQ1RSTC1GLHw1NyM1LHw1OCM1LHw1OSM1LHw2MCM1LHw2MSxzcGVsbCwxMjM5MDQsc3BlbGwsU0hJRlQtMSx8NjIjNCxTSElGVC0yLHw2MyM0LFNISUZULTMsfDY0LHNwZWxsLDEwMTU0NSxzcGVsbCxTSElGVC00LHw2NSxzcGVsbCwxMTk5OTYsc3BlbGwsU0hJRlQtUSx8NjYsc3BlbGwsMTE2ODQ0LHNwZWxsLFNISUZULUUsfDY3LHNwZWxsLDExNzk1MixzcGVsbCxTSElGVC1SLHw2OCxzcGVsbCwzMjIxMDksc3BlbGwsU0hJRlQtRix8NjkjNSx8NzAjNSx8NzEjNSx8NzIjNSx8NzMjNSx8NzQjNSx8NzUjNSx8NzYjNSx8NzcjNSx8NzgjNSx8NzkjNSx8ODAjNSx8ODEjNSx8ODIjNSx8ODMjNSx8ODQjNSx8ODUjNSx8ODYjNSx8ODcjNSx8ODgjNSx8ODkjNSx8OTAjNSx8OTEjNSx8OTIjNSx8OTMjNSx8OTQjNSx8OTUjNSx8OTYjNSx8OTcjNSx8OTgjNSx8OTkjNSx8MTAwIzUsfDEwMSM1LHwxMDIjNSx8MTAzIzUsfDEwNCM1LHwxMDUjNSx8MTA2IzUsfDEwNyM1LHwxMDgjNSx8MTA5IzUsfDExMCM1LHwxMTEjNSx8MTEyIzUsfDExMyM1LHwxMTQjNSx8MTE1IzUsfDExNiM1LHwxMTcjNSx8MTE4IzUsfDExOSM1LHwxMjAjNSx8MTIxLHNwZWxsLDM3MjYwOCxzcGVsbCwsfDEyMixzcGVsbCwzNzI2MTAsc3BlbGwsLHwxMjMsc3BlbGwsMzYxNTg0LHNwZWxsLCx8MTI0IzUsfDEyNSxzcGVsbCw0MDMwOTIsc3BlbGwsLHwxMjYsc3BlbGwsNDI1NzgyLHNwZWxsLCx8MTI3IzUsfDEyOCM1LHwxMjkjNSx8MTMwIzUsfDEzMSM1LHwxMzIjNSx8MTMzIzUsfDEzNCM1LHwxMzUjNSx8MTM2IzUsfDEzNyM1LHwxMzgjNSx8MTM5IzUsfDE0MCM1LHwxNDEjNSx8MTQyIzUsfDE0MyM1LHwxNDQjNSx8MTQ1LG1hY3JvLDEyMzE0MTEsMTIzMTQxMSxBTFQtMSwsUlc1b1lXNWpaVkZ2VEVobFlXeDBhRTFoWTNKdixJM05vYjNkMGIyOXNkR2x3Q2k5allYTjBJRnR1YjJOdmJXSmhkRjBnVW1WamRYQmxjbUYwWlFvdlkyRnpkSE5sY1hWbGJtTmxJRnRqYjIxaVlYUmRJSEpsYzJWMFBXTnZiV0poZENCcGRHVnRPakl4TVRnM09RPT0sYXwxNDYjNCxBTFQtMix8MTQ3LG1hY3JvLDE0NixpdGVtLEFMVC0zLCxSR0Z0WVdkbElGQnZkQT09LEkzTm9iM2QwYjI5c2RHbHdDaTkxYzJVZ2FYUmxiVG95TkRFek1EZ0ssYXwxNDgsbWFjcm8sMTEsLEFMVC00LCxVR3hoWTJWb2IyeGtaWEk9LFVHeGhZMlZvYjJ4a1pYSWdiV0ZqY204Z1ptOXlJR2wwWlcxeklHeHBhMlVnYm1sMGNtOGdZbTl2YzNRZ2IzSWdjMnh2ZHlCbVlXeHNJR05zYjJGckxnbz0sYXwxNDksbWFjcm8sMTQsLEFMVC1RLCxWSEpwYm10bGRDQXgsSTNOb2IzZDBiMjlzZEdsd0NpOTFjMlVnVzBCamRYSnpiM0pkTVRNSyxhfDE1MCxzcGVsbCw1ODk4NCxzcGVsbCxBTFQtRSx8MTUxIzQsQUxULVIsfDE1MiM0LEFMVC1GLHwxNTMjNSx8MTU0IzUsfDE1NSM1LHwxNTYjNSx8MTU3IzUsfDE1OCM1LHwxNTkjNSx8MTYwIzUsfDE2MSM1LHwxNjIjNSx8MTYzIzUsfDE2NCM1LHwxNjUjNSx8MTY2IzUsfDE2NyM1LHwxNjgjNSx8MTY5IzUsfDE3MCxtYWNybywwLCwsfDE3MSM1LHwxNzIjNSx8MTczIzUsfDE3NCxtYWNybywwLCwsfDE3NSM1LHwxNzYjNSx8MTc3IzUsfDE3OCM1LHwxNzkjNSx8MTgwIzUsfDE4MSM0LDUsfDE4MiM0LGAsfDE4MyM0LEYxLHwxODQjNCxGMix8MTg1IzQsRjMsfDE4NiM0LEY0LHwxODcjNSx8MTg4IzUsfDE4OSM1LHwxOTAjNSx8MTkxIzUsfDE5MiM1LA==
... A44: OPie Master Ring | C44: oetohH7 CfU7ELJ wrRingB uffs92T wring92 V3212we mbed92R 4wcycle 9wrotat ionMode 92P4wTo ys92u1V 32wgWor mholes9 2w1V32w RingTra vel92s1 V32121R 4wrRing Specs92 X1V3212 1R4wCom monTrad es91V32 121R4wR ingMoun ts92q1V 32121R4 3eq4it3 2Zw18sc v94wMas ter06Ri ng91343 0q4itww specset 92i32q4 itq1i32 q4it41i 321Z1i3 234wMas ter06Ri ng0B06S pecs913 41X4qq4 Xnwtoy9 2o32qqt OR1o32q qqlJ1o3 2qq46Q1 o32qq4v p1o32qq 3FD1o32 qq2j01o 32qqprf 1o32qq0 5c1o32q 49Tl1o3 2q49RP1 o32q49f Y1o32q4 NBi1o32 q4N2B1o 32q4Mwn 1o32q4N I91o32q 4CBe1o3 2q4Cqj1 o32q4Z7 T1o32q4 Z8G1o32 qqpdX1o 32q4X65 1o32q4X 6m1o32q 4Xds1o3 2qqadVw item92k 32q4Xar 1o32q4X ae1o32q 4Gpw1o3 2q4W5Z1 o32q4cg f1o32qq uPQ1o32 qqudR1o 32q4bVy 1o32q4o Nw1k323 8wMaste r06Ring 0B06Hea rthston es91341 11r4war thstone s92m430 q4dSH1y 430q4i6 Q1y430q 4oZU1y4 30q4xOG 1y430w1 mspec0B 0H60K16 06hide0 N91p4qq 0e61y43 0qqCjv1 y430qqP V61y430 qw0Bg1y 430qw0B 41y430q wuYf1y4 30q4ivi 1y430q4 o201y43 0qqGcC1 y430q4i ZQ1y430 qqGcn1y 430q4oT N1y430w 1mspec0 B0H50V1 606hide 0N91p4q q6aw1y4 30w1mkn own1691 p4w07US E070Dus e062121 spell0B 0K60H85 0K23239 1y43fwM aster06 Ring0B0 6Buffs9 1341T4q q3GB1o3 2qqq1L1 o32q4X7 11o32q4 KBE1o32 qq0Kj1o 323q1u1 341u4wT P06Home 9wmacro 93230qw 1G41y4w 1mlevel 0B0H0F1 691p4q4 FM91k32 w1min0B broken0 6isles0 Dargus0 Dbfa169 1p4qqwK 21k321m 1V32wsh uffle91 P4q4FRi 1o32q4Y Cs1o32w MageTra vel91V3 2q4DSd1 o3230w0 7CAST07 0Dcast0 62121sp ell0B50 F0V7723 230N062 121spel l0B0G0V 0J750J2 3230N06 2121spe ll0B0G0 H680V0H 23230N0 62121sp ell0B0G 0V0J750 V23230N 062121s pell0B5 5623239 1y4wmyt hport9w opie0Se xt932w1 mmythpo rt1691p 43uwMas ter06Ri ng0B06T ravel91 341s4q4 iaEwmou nt92D32 30w1mkn own0BMi ghty06C aravan0 6Brutos aur1691 p4w07US E070Dus e062121 spell0B 0H60K0F 5823239 1y4q4iA Q1D32q4 isb1D32 q4iAe1D 323qwMa ster06R ing0B06 Mounts9 1341q4q 4Vrr1o3 2q4C3S1 o32q48J A1o32q4 zZd1o32 q4C3A1o 32q4JE2 1o32q4U fv1o32q qeXr1o3 23rwMas ter06Ri ng0B06W ormhole s91341w 4w18bun dle94.
A45: For use with OPie.
A47: Edit Mode String (1440p) | C47: 2 50 0 0 0 7 7 UIParent 0.0 142.0 -1 ##$$%+&('%)$+$,# 0 1 0 0 6 MainActionBar 0.0 -4.0 -1 ##$$%+&('%(#,# 0 2 0 0 6 MultiBarBottomLeft 0.0 -4.0 -1 ##$$%+&('%(#,# 0 3 0 4 4 UIParent -295.0 -600.0 -1 ##$%%+&('%(#,# 0 4 0 4 4 UIParent 300.0 -600.0 -1 ##$%%+&('%(#,# 0 5 0 0 0 UIParent 1149.1 -1217.0 -1 ##$$%+&%'%(#,# 0 6 0 1 1 UIParent 633.2 -1402.0 -1 ##$$%/&&'%(&,# 0 7 0 8 2 MultiBar6 0.0 4.0 -1 ##$$%/&&'%(&,# 0 10 0 8 6 PlayerFrame 20.5 22.0 -1 #$$%&&'% 0 11 0 2 0 PetFrame 0.0 -3.0 -1 ##$%&%'%,# 0 12 0 1 1 UIParent -183.0 -952.0 -1 ##$$&('% 1 -1 0 4 4 UIParent 0.0 -354.0 -1 ##$#%# 2 -1 1 2 2 UIParent 0.0 0.0 -1 ##$#%( 3 0 0 1 1 UIParent -417.5 -1042.5 -1 $#3# 3 1 0 1 1 UIParent 382.5 -1042.5 -1 %#3# 3 2 0 1 1 UIParent 246.5 -949.5 -1 %#&#3# 3 3 0 0 0 UIParent 782.0 -542.0 -1 '$(#)#-_.A/#1#3#5$627-7$ 3 4 0 0 0 UIParent 702.0 -553.0 -1 ,#-M.?/#0#1#2(5$6(7-7$ 3 5 0 2 2 UIParent -277.1 -262.4 -1 &$*#3' 3 6 0 2 2 UIParent -279.2 -262.0 -1 -#.#/#4&5#6(7-7$ 3 7 0 0 0 UIParent 521.7 -1004.7 -1 3# 4 -1 0 4 4 UIParent -302.5 -159.9 -1 # 5 -1 0 4 4 UIParent -300.0 -467.7 -1 # 6 0 1 2 2 UIParent -255.0 -10.0 -1 ##$#%#&.(()( 6 1 1 2 2 UIParent -270.0 -155.0 -1 ##$#%#'+(()(-$ 6 2 0 4 4 UIParent -220.8 -207.5 -1 ##$#%$&.(()(+#,-,$ 7 -1 0 4 4 UIParent 0.0 -335.8 -1 # 8 -1 0 6 6 UIParent 35.0 50.0 -1 #($4%$&k 9 -1 1 6 0 MainActionBar 0.0 5.0 -1 # 10 -1 1 0 0 UIParent 16.0 -116.0 -1 # 11 -1 1 8 8 UIParent -9.0 85.0 -1 # 12 -1 1 2 2 UIParent -110.0 -275.0 -1 #K$#%# 13 -1 1 8 8 MicroButtonAndBagsBar 0.0 0.0 -1 ##$#%)&- 14 -1 0 8 8 UIParent -5.2 43.2 -1 ##$#%( 15 0 1 7 7 StatusTrackingBarManager 0.0 0.0 -1 # 15 1 1 7 7 StatusTrackingBarManager 0.0 17.0 -1 # 16 -1 1 5 5 UIParent 0.0 0.0 -1 #( 17 -1 1 1 1 UIParent 0.0 -100.0 -1 ## 18 -1 1 5 5 UIParent 0.0 0.0 -1 #- 19 -1 1 7 7 UIParent 0.0 0.0 -1 ## 20 0 0 1 7 UIParent -2.0 520.4 -1 ##$)%$&&'%(A)#+$,$-$ 20 1 0 1 7 EssentialCooldownViewer 2.0 -4.0 -1 ##$)%$&('%(7)#+$,$-$ 20 2 0 1 7 UIParent 0.0 613.0 -1 ##$$%#&('%(-($)#+$,$-$ 20 3 0 1 1 UIParent 241.4 -862.0 -1 #$$$%#&&'((A)#*#+$,$-$.H 21 -1 0 1 1 UIParent -562.0 -1302.0 -1 ##$# 22 0 0 7 7 UIParent 480.0 441.6 -1 #$$$%$&-'&(#)U*$+$,$-#.#/U0% 22 1 0 1 1 UIParent 0.0 -402.0 -1 &('()U*#+$ 22 2 0 7 7 UIParent -3.0 1042.0 -1 &('()U*#+$ 22 3 0 4 4 UIParent 0.0 380.0 -1 &('()U*#+$ 23 -1 0 8 2 BagsBar 0.0 4.0 -1 ##$#%$&#'&'$(#)U+$,$-*.(/#
A48: Edit Mode String (1080p) | C48: TBD

Sheet ENTER YOUR BINDS HERE
A1: Enter your keybinds here! They'll show up on each class page (at the bottom) automatically.
A2: Category (Common Use) | B2: Keybind | C2: Bonus Binds | D2: Keybind
A3: Combat 1 | B3: 2 | C3: OPie Master Ring | D3: T
A4: Combat 2 | B4: 1 | C4: OPie Markers Ring | D4: Shift+G
A5: Combat 3 | B5: A3 | C5: OPie World Markers Ring | D5: Ctrl+G
A6: Combat 4 | B6: A1 | C6: ExtraActionButton | D6: 5
A7: Combat 5 | B7: 5 | C7: Interact | D7: `
A8: Combat 6 | B8: SQ | C8: OPie Quest Item Ring | D8: Shift+`
A9: Combat 7 | B9: 3 | C9: Autorun | D9: Middle Mouse
A10: Combat 8 | B10: A4
A11: Combat 9 | B11: AS
A12: Combat 10 | B12: A2
A13: Combat 11 | B13: T
A14: Combat 12 | B14: S4
A15: Class 1 (Movement) | B15: SV
A16: Class 2 (CC) | B16: SE
A17: Class 3 (Tag) | B17: AF
A18: Class 4 (Special) | B18: SF
A19: Self-Heal 1 | B19: S1
A20: Self-Heal 2 | B20: C2
A21: Self-Heal 3 (Overflow) | B21: X
... A54: Stance 4 | B54: F4

Sheet Death Knight
A1: Category (Common Use) | B1: Keybind | C1: Blood | D1: Frost | E1: Unholy | F1: Notes | G1: Legend
A2: Combat 1 | B2: ='ENTER YOUR BINDS HERE'!B3 -> 1 | C2: Heart Strike | D2: Obliterate | E2: Scourge Strike | G2: Combat (Attacks/Cooldowns)
A3: Combat 2 | B3: ='ENTER YOUR BINDS HERE'!B4 -> 2 | C3: Marrowrend | D3: Frost Strike | E3: Festering Strike | G3: Defensive
A4: Combat 3 | B4: ='ENTER YOUR BINDS HERE'!B5 -> 3 | C4: Blood Boil | D4: Howling Blast | E4: Death Coil | G4: Movement
A5: Combat 4 | B5: ='ENTER YOUR BINDS HERE'!B6 -> 4 | C5: Death and Decay | D5: Frostscythe | E5: Putrefy | G5: CCs
A6: Combat 5 | B6: ='ENTER YOUR BINDS HERE'!B7 -> Q | C6: Death Strike | D6: Pillar of Frost | E6: Dark Transformation | G6: Heals
A7: Combat 6 | B7: ='ENTER YOUR BINDS HERE'!B8 -> E | C7: Vampiric Blood | D7: Glacial Advance | E7: Epidemic | G7: Utility
A8: Combat 7 | B8: ='ENTER YOUR BINDS HERE'!B9 -> R | C8: Death's Caress | D8: Empower Rune Weapon | E8: Outbreak | G8: Items/Misc
A9: Combat 8 | B9: ='ENTER YOUR BINDS HERE'!B10 -> F | C9: Consumption | D9: Frostwyrm's Fury | E9: Soul Reaper | G9: Instant Access
A10: Combat 9 | B10: ='ENTER YOUR BINDS HERE'!B11 -> S1 | C10: Dancing Rune Weapon | D10: Breath of Sindragosa | E10: Army of the Dead | G10: PvP
A11: Combat 10 | B11: ='ENTER YOUR BINDS HERE'!B12 -> S2 | C11: Reaper's Mark | D11: Reaper's Mark
A12: Combat 11 | B12: ='ENTER YOUR BINDS HERE'!B13 -> S3 | D12: Remorseless Winter
A13: Combat 12 | B13: ='ENTER YOUR BINDS HERE'!B14 -> S4 | C13: Raise Dead | D13: Raise Dead | E13: Raise Dead | G13: so many defensives bruh
A14: Class 1 (Movement) | B14: ='ENTER YOUR BINDS HERE'!B15 -> SQ | C14: Death Grip | D14: Death Grip | E14: Death Grip
A15: Class 2 (CC) | B15: ='ENTER YOUR BINDS HERE'!B16 -> SE | C15: Gorefiend's Grasp | D15: Death and Decay | E15: Death and Decay | G15: OPie Master Ring | H15: ='ENTER YOUR BINDS HERE'!D3 -> T
A16: Class 3 (Tag) | B16: ='ENTER YOUR BINDS HERE'!B17 -> SR | G16: OPie Markers Ring | H16: ='ENTER YOUR BINDS HERE'!D4 -> Shift+G
A17: Class 4 (Special) | B17: ='ENTER YOUR BINDS HERE'!B18 -> SF | G17: OPie World Markers Ring | H17: ='ENTER YOUR BINDS HERE'!D5 -> Ctrl+G
A18: Self-Heal 1 | B18: ='ENTER YOUR BINDS HERE'!B19 -> C1 | D18: Death Strike | E18: Death Strike | G18: ExtraActionButton | H18: ='ENTER YOUR BINDS HERE'!D6 -> 5
A19: Self-Heal 2 | B19: ='ENTER YOUR BINDS HERE'!B20 -> C2 | C19: Lichborne | D19: Lichborne | E19: Lichborne | G19: Interact | H19: ='ENTER YOUR BINDS HERE'!D7 -> `
A20: Self-Heal 3 (Overflow) | B20: ='ENTER YOUR BINDS HERE'!B21 -> C3 | C20: Death Coil | D20: Death Coil | E20: Death Coil | G20: OPie Quest Item Ring | H20: ='ENTER YOUR BINDS HERE'!D8 -> Shift+`
A21: Self-Heal 4 (Emergency/Overflow) | B21: ='ENTER YOUR BINDS HERE'!B22 -> C4 | C21: Death Pact | D21: Death Pact | E21: Death Pact | G21: Autorun | H21: ='ENTER YOUR BINDS HERE'!D9 -> Middle Mouse
A22: Class 5 (Purge) | B22: ='ENTER YOUR BINDS HERE'!B23 -> CQ | C22: Control Undead | D22: Control Undead | E22: Control Undead
A23: Class 6 (Dispel) | B23: ='ENTER YOUR BINDS HERE'!B24 -> CE | C23: Path of Frost | D23: Path of Frost | E23: Path of Frost
A24: Class 7 (Raid Defensive) | B24: ='ENTER YOUR BINDS HERE'!B25 -> CR | C24: Anti-Magic Zone | D24: Anti-Magic Zone | E24: Anti-Magic Zone
A25: Class 8 (Lust/BRes) | B25: ='ENTER YOUR BINDS HERE'!B26 -> CF | C25: Raise Ally | D25: Raise Ally | E25: Raise Ally
A26: Personal Defensive 1 | B26: ='ENTER YOUR BINDS HERE'!B27 -> Z | C26: Icebound Fortitude | D26: Icebound Fortitude | E26: Icebound Fortitude
A27: Personal Defensive 2 | B27: ='ENTER YOUR BINDS HERE'!B28 -> SZ
A28: Movement Ability | B28: ='ENTER YOUR BINDS HERE'!B29 -> X | C28: Death's Advance | D28: Death's Advance | E28: Death's Advance
A29: Movement Ability 2 | B29: ='ENTER YOUR BINDS HERE'!B30 -> SX | C29: Wraith Walk | D29: Wraith Walk | E29: Wraith Walk
A30: CC | B30: ='ENTER YOUR BINDS HERE'!B31 -> C | C30: Asphyxiate | D30: Asphyxiate | E30: Asphyxiate
A31: CC 2 | B31: ='ENTER YOUR BINDS HERE'!B32 -> SC | C31: Blinding Sleet | D31: Blinding Sleet | E31: Blinding Sleet
A32: Interrupt | B32: ='ENTER YOUR BINDS HERE'!B33 -> V | C32: Mind Freeze | D32: Mind Freeze | E32: Mind Freeze
A33: Slow | B33: ='ENTER YOUR BINDS HERE'!B34 -> SV | C33: Chains of Ice | D33: Chains of Ice | E33: Chains of Ice
A34: Buff | B34: ='ENTER YOUR BINDS HERE'!B36 -> CZ
A35: Res | B35: ='ENTER YOUR BINDS HERE'!B37 -> CX
A36: Immune/Spell Immune/Movement | B36: ='ENTER YOUR BINDS HERE'!B41 -> CC | C36: Anti-Magic Shell | D36: Anti-Magic Shell | E36: Anti-Magic Shell
A37: Taunt/Quick Access | B37: ='ENTER YOUR BINDS HERE'!B42 -> CV | C37: Dark Command | D37: Dark Command | E37: Dark Command
A38: PvP | B38: ='ENTER YOUR BINDS HERE'!B38 -> AZ | C38: Dark Simulacrum | D38: Dark Simulacrum | E38: Dark Simulacrum
A39: PvP 2 | B39: ='ENTER YOUR BINDS HERE'!B39 -> AX | C39: Death Chain | E39: Zombify
A40: PvP 3 | B40: ='ENTER YOUR BINDS HERE'!B40 -> AC
A41: Mount | B41: ='ENTER YOUR BINDS HERE'!B35 -> AV | C41: Mount | D41: Mount | E41: Mount
A42: Healthstone/Potion Macro | B42: ='ENTER YOUR BINDS HERE'!B43 -> A1 | C42: Healthstone/Potion Macro | D42: Healthstone/Potion Macro | E42: Healthstone/Potion Macro
A43: Drinking/Mana Potion Macro | B43: ='ENTER YOUR BINDS HERE'!B44 -> A2
A44: Damage Potion | B44: ='ENTER YOUR BINDS HERE'!B45 -> A3 | C44: Damage Potion | D44: Damage Potion | E44: Damage Potion
A45: Another Combat Item If Needed | B45: ='ENTER YOUR BINDS HERE'!B46 -> A4 | C45: Another Combat Item If Needed | D45: Another Combat Item If Needed | E45: Another Combat Item If Needed
A46: Trinket Macro | B46: ='ENTER YOUR BINDS HERE'!B47 -> AQ | C46: Trinket Macro | D46: Trinket Macro | E46: Trinket Macro
A47: Racial Ability | B47: ='ENTER YOUR BINDS HERE'!B48 -> AE | C47: Racial Ability | D47: Racial Ability | E47: Racial Ability
A48: Free | B48: ='ENTER YOUR BINDS HERE'!B49 -> AR | C48: Free | D48: Free | E48: Free
A49: Free | B49: ='ENTER YOUR BINDS HERE'!B50 -> AF | C49: Free | D49: Free | E49: Free
B57: ='ENTER YOUR BINDS HERE'!B58
B58: ='ENTER YOUR BINDS HERE'!B59
B59: ='ENTER YOUR BINDS HERE'!B60
B60: =#REF! -> #REF!
B61: =#REF! -> #REF!
B62: =#REF! -> #REF!
B63: =#REF! -> #REF!
B64: =#REF! -> #REF!
B65: =#REF! -> #REF!

Sheet Paladin
A1: Category (Common Use) | B1: Keybind | C1: Holy | D1: Protection | E1: Retribution | F1: Notes | G1: Legend
A2: Combat 1 | B2: ='ENTER YOUR BINDS HERE'!B3 -> 1 | C2: Holy Shock | D2: Blessed Hammer | E2: Crusader Strike | G2: Combat (Attacks/Cooldowns)
A3: Combat 2 | B3: ='ENTER YOUR BINDS HERE'!B4 -> 2 | C3: Judgment | D3: Judgment | E3: Judgment | G3: Defensive
A4: Combat 3 | B4: ='ENTER YOUR BINDS HERE'!B5 -> 3 | C4: Flash of Light | D4: Avenger's Shield | E4: Blade of Justice | G4: Movement
A5: Combat 4 | B5: ='ENTER YOUR BINDS HERE'!B6 -> 4 | C5: Holy Light | D5: Consecration | E5: Final Verdict | G5: CCs
A6: Combat 5 | B6: ='ENTER YOUR BINDS HERE'!B7 -> Q | C6: Shield of the Righteous | D6: Shield of the Righteous | E6: Divine Storm | G6: Heals
A7: Combat 6 | B7: ='ENTER YOUR BINDS HERE'!B8 -> E | C7: Light of Dawn | D7: Divine Toll | E7: Divine Toll | G7: Utility
A8: Combat 7 | B8: ='ENTER YOUR BINDS HERE'!B9 -> R | C8: Word of Glory | D8: Word of Glory | E8: Execution Sentence | G8: Items/Misc
A9: Combat 8 | B9: ='ENTER YOUR BINDS HERE'!B10 -> F | C9: Holy Bulwark | D9: Holy Bulwark | E9: Wake of Ashes | G9: Instant Access
A10: Combat 9 | B10: ='ENTER YOUR BINDS HERE'!B11 -> S1 | C10: Avenging Wrath | D10: Sentinel | E10: Avenging Wrath | G10: PvP
A11: Combat 10 | B11: ='ENTER YOUR BINDS HERE'!B12 -> S2 | C11: Aura Mastery | G11: Stances
A12: Combat 11 | B12: ='ENTER YOUR BINDS HERE'!B13 -> S3
A13: Combat 12 | B13: ='ENTER YOUR BINDS HERE'!B14 -> S4 | G13: easy job, love blessings
A14: Class 1 (Movement) | B14: ='ENTER YOUR BINDS HERE'!B15 -> SQ | C14: Blessing of Freedom | D14: Blessing of Freedom | E14: Blessing of Freedom
A15: Class 2 (CC) | B15: ='ENTER YOUR BINDS HERE'!B16 -> SE | C15: Blessing of Protection | D15: Blessing of Protection | E15: Blessing of Protection | G15: OPie Master Ring | H15: ='ENTER YOUR BINDS HERE'!D3 -> T
A16: Class 3 (Tag) | B16: ='ENTER YOUR BINDS HERE'!B17 -> SR | C16: Blessing of Sacrifice | D16: Blessing of Sacrifice | E16: Blessing of Sacrifice | G16: OPie Markers Ring | H16: ='ENTER YOUR BINDS HERE'!D4 -> Shift+G
A17: Class 4 (Special) | B17: ='ENTER YOUR BINDS HERE'!B18 -> SF | D17: Blessing of Spellwarding | G17: OPie World Markers Ring | H17: ='ENTER YOUR BINDS HERE'!D5 -> Ctrl+G
A18: Self-Heal 1 | B18: ='ENTER YOUR BINDS HERE'!B19 -> C1 | C18: Beacon of Light | D18: Flash of Light | E18: Flash of Light | G18: ExtraActionButton | H18: ='ENTER YOUR BINDS HERE'!D6 -> 5
A19: Self-Heal 2 | B19: ='ENTER YOUR BINDS HERE'!B20 -> C2 | C19: Beacon of Faith | E19: Word of Glory | G19: Interact | H19: ='ENTER YOUR BINDS HERE'!D7 -> `
A20: Self-Heal 3 (Overflow) | B20: ='ENTER YOUR BINDS HERE'!B21 -> C3 | G20: OPie Quest Item Ring | H20: ='ENTER YOUR BINDS HERE'!D8 -> Shift+`
A21: Self-Heal 4 (Emergency/Overflow) | B21: ='ENTER YOUR BINDS HERE'!B22 -> C4 | C21: Lay on Hands | D21: Lay on Hands | E21: Lay on Hands | G21: Autorun | H21: ='ENTER YOUR BINDS HERE'!D9 -> Middle Mouse
A22: Class 5 (Purge) | B22: ='ENTER YOUR BINDS HERE'!B23 -> CQ | C22: Turn Evil | D22: Turn Evil | E22: Turn Evil
A23: Class 6 (Dispel) | B23: ='ENTER YOUR BINDS HERE'!B24 -> CE | C23: Cleanse | D23: Cleanse Toxins | E23: Cleanse Toxins
A24: Class 7 (Raid Defensive) | B24: ='ENTER YOUR BINDS HERE'!B25 -> CR
A25: Class 8 (Lust/BRes) | B25: ='ENTER YOUR BINDS HERE'!B26 -> CF | C25: Intercession | D25: Intercession | E25: Intercession
A26: Personal Defensive 1 | B26: ='ENTER YOUR BINDS HERE'!B27 -> Z | C26: Divine Protection | D26: Ardent Defender | E26: Divine Protection
A27: Personal Defensive 2 | B27: ='ENTER YOUR BINDS HERE'!B28 -> SZ | D27: Guardian of Ancient Kings
A28: Movement Ability | B28: ='ENTER YOUR BINDS HERE'!B29 -> X | C28: Divine Steed | D28: Divine Steed | E28: Divine Steed
A29: Movement Ability 2 | B29: ='ENTER YOUR BINDS HERE'!B30 -> SX
A30: CC | B30: ='ENTER YOUR BINDS HERE'!B31 -> C | C30: Hammer of Justice | D30: Hammer of Justice | E30: Hammer of Justice
A31: CC 2 | B31: ='ENTER YOUR BINDS HERE'!B32 -> SC | C31: Blinding Light | D31: Blinding Light | E31: Blinding Light
A32: Interrupt | B32: ='ENTER YOUR BINDS HERE'!B33 -> V | D32: Rebuke | E32: Rebuke
A33: Slow | B33: ='ENTER YOUR BINDS HERE'!B34 -> SV
A34: Buff | B34: ='ENTER YOUR BINDS HERE'!B36 -> CZ | C34: Rite Of Sanctification | D34: Rite Of Sanctification
A35: Res | B35: ='ENTER YOUR BINDS HERE'!B37 -> CX | C35: Redemption | D35: Redemption | E35: Redemption
A36: Immune/Spell Immune/Movement | B36: ='ENTER YOUR BINDS HERE'!B41 -> CC | C36: Divine Shield | D36: Divine Shield | E36: Divine Shield
A37: Taunt/Quick Access | B37: ='ENTER YOUR BINDS HERE'!B42 -> CV | C37: Hand of Reckoning | D37: Hand of Reckoning | E37: Hand of Reckoning
A38: PvP | B38: ='ENTER YOUR BINDS HERE'!B38 -> AZ
A39: PvP 2 | B39: ='ENTER YOUR BINDS HERE'!B39 -> AX
A40: PvP 3 | B40: ='ENTER YOUR BINDS HERE'!B40 -> AC
A41: Mount | B41: ='ENTER YOUR BINDS HERE'!B35 -> AV | C41: Mount | D41: Mount | E41: Mount
A42: Healthstone/Potion Macro | B42: ='ENTER YOUR BINDS HERE'!B43 -> A1 | C42: Healthstone/Potion Macro | D42: Healthstone/Potion Macro | E42: Healthstone/Potion Macro
A43: Drinking/Mana Potion Macro | B43: ='ENTER YOUR BINDS HERE'!B44 -> A2 | C43: Drinking/Mana Potion Macro | D43: Drinking/Mana Potion Macro | E43: Drinking/Mana Potion Macro
A44: Damage Potion | B44: ='ENTER YOUR BINDS HERE'!B45 -> A3 | C44: Damage Potion | D44: Damage Potion | E44: Damage Potion
A45: Another Combat Item If Needed | B45: ='ENTER YOUR BINDS HERE'!B46 -> A4 | C45: Another Combat Item If Needed | D45: Another Combat Item If Needed | E45: Another Combat Item If Needed
A46: Trinket Macro | B46: ='ENTER YOUR BINDS HERE'!B47 -> AQ | C46: Trinket Macro | D46: Trinket Macro | E46: Trinket Macro
A47: Racial Ability | B47: ='ENTER YOUR BINDS HERE'!B48 -> AE | C47: Racial Ability | D47: Racial Ability | E47: Racial Ability
A48: Free | B48: ='ENTER YOUR BINDS HERE'!B49 -> AR | C48: Free | D48: Free | E48: Free
A49: Free | B49: ='ENTER YOUR BINDS HERE'!B50 -> AF | C49: Free | D49: Free | E49: Free
A50: Stance 1 | B50: ='ENTER YOUR BINDS HERE'!B51 -> F1 | C50: Crusader Aura | D50: Crusader Aura | E50: Crusader Aura
A51: Stance 2 | B51: ='ENTER YOUR BINDS HERE'!B52 -> F2 | C51: Devotion Aura | D51: Devotion Aura | E51: Devotion Aura
A52: Stance 3 | B52: ='ENTER YOUR BINDS HERE'!B53 -> F3 | C52: Concentration Aura | D52: Concentration Aura | E52: Concentration Aura
B57: ='ENTER YOUR BINDS HERE'!B58
B58: ='ENTER YOUR BINDS HERE'!B59

Sheet Warrior
A1: Category (Common Use) | B1: Keybind | C1: Arms | D1: Fury | E1: Protection | F1: Notes | G1: Legend
A2: Combat 1 | B2: ='ENTER YOUR BINDS HERE'!B3 -> 1 | C2: Slam | D2: Bloodthirst | E2: Shield Slam | G2: Combat (Attacks/Cooldowns)
A3: Combat 2 | B3: ='ENTER YOUR BINDS HERE'!B4 -> 2 | C3: Mortal Strike | D3: Raging Blow | E3: Revenge | G3: Defensive
A4: Combat 3 | B4: ='ENTER YOUR BINDS HERE'!B5 -> 3 | C4: Colossus Smash | D4: Rampage | E4: Thunder Clap | G4: Movement
A5: Combat 4 | B5: ='ENTER YOUR BINDS HERE'!B6 -> 4 | C5: Overpower | D5: Whirlwind | E5: Shield Block | G5: CCs
A6: Combat 5 | B6: ='ENTER YOUR BINDS HERE'!B7 -> Q | C6: Execute | D6: Execute | E6: Execute | G6: Heals
A7: Combat 6 | B7: ='ENTER YOUR BINDS HERE'!B8 -> E | C7: Cleave | D7: Odyn's Fury | E7: Ignore Pain | G7: Utility
A8: Combat 7 | B8: ='ENTER YOUR BINDS HERE'!B9 -> R | C8: Thunder Clap/Rend | D8: Thunder Clap/Rend | E8: Shield Charge | G8: Items/Misc
A9: Combat 8 | B9: ='ENTER YOUR BINDS HERE'!B10 -> F | C9: Sweeping Strikes | D9: Recklessness | E9: Demoralizing Shout | G9: Instant Access
A10: Combat 9 | B10: ='ENTER YOUR BINDS HERE'!B11 -> S1 | C10: Avatar | D10: Avatar/Bladestorm | E10: Avatar | G10: PvP
A11: Combat 10 | B11: ='ENTER YOUR BINDS HERE'!B12 -> S2 | C11: Bladestorm | E11: Ravager | G11: Stances
A12: Combat 11 | B12: ='ENTER YOUR BINDS HERE'!B13 -> S3 | C12: Demolish | E12: Demolish
A13: Combat 12 | B13: ='ENTER YOUR BINDS HERE'!B14 -> S4 | C13: Champion's Spear | D13: Champion's Spear | E13: Champion's Spear | G13: fairly packed with demolish + spear
A14: Class 1 (Movement) | B14: ='ENTER YOUR BINDS HERE'!B15 -> SQ | C14: Charge | D14: Charge | E14: Charge
A15: Class 2 (CC) | B15: ='ENTER YOUR BINDS HERE'!B16 -> SE | C15: Piercing Howl | D15: Piercing Howl | E15: Piercing Howl | G15: OPie Master Ring | H15: ='ENTER YOUR BINDS HERE'!D3 -> T
A16: Class 3 (Tag) | B16: ='ENTER YOUR BINDS HERE'!B17 -> SR | C16: Heroic Throw | D16: Heroic Throw | E16: Heroic Throw | G16: OPie Markers Ring | H16: ='ENTER YOUR BINDS HERE'!D4 -> Shift+G
A17: Class 4 (Special) | B17: ='ENTER YOUR BINDS HERE'!B18 -> SF | C17: Wrecking Throw | D17: Wrecking Throw | E17: Wrecking Throw | G17: OPie World Markers Ring | H17: ='ENTER YOUR BINDS HERE'!D5 -> Ctrl+G
A18: Self-Heal 1 | B18: ='ENTER YOUR BINDS HERE'!B19 -> C1 | C18: Impending Victory | D18: Impending Victory | E18: Impending Victory | G18: ExtraActionButton | H18: ='ENTER YOUR BINDS HERE'!D6 -> 5
A19: Self-Heal 2 | B19: ='ENTER YOUR BINDS HERE'!B20 -> C2 | C19: Ignore Pain | G19: Interact | H19: ='ENTER YOUR BINDS HERE'!D7 -> `
A20: Self-Heal 3 (Overflow) | B20: ='ENTER YOUR BINDS HERE'!B21 -> C3 | C20: Berserker Shout | D20: Berserker Shout | E20: Berserker Shout | G20: OPie Quest Item Ring | H20: ='ENTER YOUR BINDS HERE'!D8 -> Shift+`
A21: Self-Heal 4 (Emergency/Overflow) | B21: ='ENTER YOUR BINDS HERE'!B22 -> C4 | C21: Spell Reflection | D21: Spell Reflection | E21: Spell Reflection | G21: Autorun | H21: ='ENTER YOUR BINDS HERE'!D9 -> Middle Mouse
A22: Class 5 (Purge) | B22: ='ENTER YOUR BINDS HERE'!B23 -> CQ | C22: Intervene | D22: Intervene | E22: Intervene
A23: Class 6 (Dispel) | B23: ='ENTER YOUR BINDS HERE'!B24 -> CE | E23: Challenging Shout
A24: Class 7 (Raid Defensive) | B24: ='ENTER YOUR BINDS HERE'!B25 -> CR | C24: Rallying Cry | D24: Rallying Cry | E24: Rallying Cry
A25: Class 8 (Lust/BRes) | B25: ='ENTER YOUR BINDS HERE'!B26 -> CF
A26: Personal Defensive 1 | B26: ='ENTER YOUR BINDS HERE'!B27 -> Z | C26: Die by the Sword | D26: Enraged Regeneration | E26: Shield Wall
A27: Personal Defensive 2 | B27: ='ENTER YOUR BINDS HERE'!B28 -> SZ
A28: Movement Ability | B28: ='ENTER YOUR BINDS HERE'!B29 -> X | C28: Heroic Leap | D28: Heroic Leap | E28: Heroic Leap
A29: Movement Ability 2 | B29: ='ENTER YOUR BINDS HERE'!B30 -> SX
A30: CC | B30: ='ENTER YOUR BINDS HERE'!B31 -> C | C30: Storm Bolt | D30: Storm Bolt | E30: Storm Bolt
A31: CC 2 | B31: ='ENTER YOUR BINDS HERE'!B32 -> SC | C31: Shockwave | D31: Shockwave | E31: Shockwave
A32: Interrupt | B32: ='ENTER YOUR BINDS HERE'!B33 -> V | C32: Pummel | D32: Pummel | E32: Pummel
A33: Slow | B33: ='ENTER YOUR BINDS HERE'!B34 -> SV | C33: Hamstring | D33: Hamstring | E33: Hamstring
A34: Buff | B34: ='ENTER YOUR BINDS HERE'!B36 -> CZ | C34: Battle Shout | D34: Battle Shout | E34: Battle Shout
A35: Res | B35: ='ENTER YOUR BINDS HERE'!B37 -> CX
A36: Immune/Spell Immune/Movement | B36: ='ENTER YOUR BINDS HERE'!B41 -> CC
A37: Taunt/Quick Access | B37: ='ENTER YOUR BINDS HERE'!B42 -> CV | C37: Taunt | D37: Taunt | E37: Taunt
A38: PvP | B38: ='ENTER YOUR BINDS HERE'!B38 -> AZ
A39: PvP 2 | B39: ='ENTER YOUR BINDS HERE'!B39 -> AX
A40: PvP 3 | B40: ='ENTER YOUR BINDS HERE'!B40 -> AC
A41: Mount | B41: ='ENTER YOUR BINDS HERE'!B35 -> AV | C41: Mount | D41: Mount | E41: Mount
A42: Healthstone/Potion Macro | B42: ='ENTER YOUR BINDS HERE'!B43 -> A1 | C42: Healthstone/Potion Macro | D42: Healthstone/Potion Macro | E42: Healthstone/Potion Macro
A43: Drinking/Mana Potion Macro | B43: ='ENTER YOUR BINDS HERE'!B44 -> A2 | C43: Drinking/Mana Potion Macro | D43: Drinking/Mana Potion Macro | E43: Drinking/Mana Potion Macro
A44: Damage Potion | B44: ='ENTER YOUR BINDS HERE'!B45 -> A3 | C44: Damage Potion | D44: Damage Potion | E44: Damage Potion
A45: Another Combat Item If Needed | B45: ='ENTER YOUR BINDS HERE'!B46 -> A4 | C45: Another Combat Item If Needed | D45: Another Combat Item If Needed | E45: Another Combat Item If Needed
A46: Trinket Macro | B46: ='ENTER YOUR BINDS HERE'!B47 -> AQ | C46: Trinket Macro | D46: Trinket Macro | E46: Trinket Macro
A47: Racial Ability | B47: ='ENTER YOUR BINDS HERE'!B48 -> AE | C47: Racial Ability | D47: Racial Ability | E47: Racial Ability
A48: Free | B48: ='ENTER YOUR BINDS HERE'!B49 -> AR | C48: Free | D48: Free | E48: Free
A49: Free | B49: ='ENTER YOUR BINDS HERE'!B50 -> AF | C49: Free | D49: Free | E49: Free
A50: Stance 1 | B50: ='ENTER YOUR BINDS HERE'!B51 -> F1 | C50: Protection Stance | D50: Protection Stance | E50: Protection Stance
A51: Stance 2 | B51: ='ENTER YOUR BINDS HERE'!B52 -> F2 | C51: Battle Stance | D51: Berserker Stance | E51: Battle Stance
B57: ='ENTER YOUR BINDS HERE'!B58
B58: ='ENTER YOUR BINDS HERE'!B59

Sheet Evoker
A1: Category (Common Use) | B1: Keybind | C1: Augmentation | D1: Devastation | E1: Preservation | F1: Notes | G1: Legend
A2: Combat 1 | B2: ='ENTER YOUR BINDS HERE'!B3 -> 1 | C2: Living Flame | D2: Living Flame | E2: Living Flame | G2: Combat (Attacks/Cooldowns)
A3: Combat 2 | B3: ='ENTER YOUR BINDS HERE'!B4 -> 2 | C3: Azure Strike | D3: Azure Strike | E3: Azure Strike | G3: Defensive
A4: Combat 3 | B4: ='ENTER YOUR BINDS HERE'!B5 -> 3 | C4: Eruption | D4: Disintegrate | E4: Disintegrate | G4: Movement
A5: Combat 4 | B5: ='ENTER YOUR BINDS HERE'!B6 -> 4 | C5: Fire Breath | D5: Fire Breath | E5: Fire Breath | G5: CCs
A6: Combat 5 | B6: ='ENTER YOUR BINDS HERE'!B7 -> Q | C6: Ebon Might | D6: Dragonrage | E6: Echo | G6: Heals
A7: Combat 6 | B7: ='ENTER YOUR BINDS HERE'!B8 -> E | C7: Upheaval | D7: Eternity Surge | E7: Reversion | G7: Utility
A8: Combat 7 | B8: ='ENTER YOUR BINDS HERE'!B9 -> R | C8: Prescience | D8: Pyre | E8: Time Dilation | G8: Items/Misc
A9: Combat 8 | B9: ='ENTER YOUR BINDS HERE'!B10 -> F | C9: Blistering Scales | E9: Temporal Anomaly | G9: Instant Access
A10: Combat 9 | B10: ='ENTER YOUR BINDS HERE'!B11 -> S1 | C10: Breath of Eons | D10: Deep Breath | E10: Deep Breath | G10: PvP
A11: Combat 10 | B11: ='ENTER YOUR BINDS HERE'!B12 -> S2 | E11: Dream Flight | G11: Stances
A12: Combat 11 | B12: ='ENTER YOUR BINDS HERE'!B13 -> S3 | E12: Rewind
A13: Combat 12 | B13: ='ENTER YOUR BINDS HERE'!B14 -> S4 | C13: Time Skip | E13: Dream Breath | G13: Pres has so many buttons
A14: Class 1 (Movement) | B14: ='ENTER YOUR BINDS HERE'!B15 -> SQ | C14: Zephyr | D14: Zephyr | E14: Zephyr
A15: Class 2 (CC) | B15: ='ENTER YOUR BINDS HERE'!B16 -> SE | C15: Sleep Walk | D15: Sleep Walk | E15: Sleep Walk | G15: OPie Master Ring | H15: ='ENTER YOUR BINDS HERE'!D3 -> T
A16: Class 3 (Tag) | B16: ='ENTER YOUR BINDS HERE'!B17 -> SR | C16: Landslide | D16: Landslide | E16: Landslide | G16: OPie Markers Ring | H16: ='ENTER YOUR BINDS HERE'!D4 -> Shift+G
A17: Class 4 (Special) | B17: ='ENTER YOUR BINDS HERE'!B18 -> SF | C17: Spatial Paradox | D17: Spatial Paradox | E17: Spatial Paradox | G17: OPie World Markers Ring | H17: ='ENTER YOUR BINDS HERE'!D5 -> Ctrl+G
A18: Self-Heal 1 | B18: ='ENTER YOUR BINDS HERE'!B19 -> C1 | C18: Verdant Embrace | D18: Verdant Embrace | E18: Verdant Embrace | G18: ExtraActionButton | H18: ='ENTER YOUR BINDS HERE'!D6 -> 5
A19: Self-Heal 2 | B19: ='ENTER YOUR BINDS HERE'!B20 -> C2 | C19: Emerald Blossom | D19: Emerald Blossom | E19: Emerald Blossom | G19: Interact | H19: ='ENTER YOUR BINDS HERE'!D7 -> `
A20: Self-Heal 3 (Overflow) | B20: ='ENTER YOUR BINDS HERE'!B21 -> C3 | C20: Tip the Scales | D20: Tip the Scales | E20: Tip the Scales | G20: OPie Quest Item Ring | H20: ='ENTER YOUR BINDS HERE'!D8 -> Shift+`
A21: Self-Heal 4 (Emergency/Overflow) | B21: ='ENTER YOUR BINDS HERE'!B22 -> C4 | C21: Cauterizing Flame | D21: Cauterizing Flame | E21: Cauterizing Flame | G21: Autorun | H21: ='ENTER YOUR BINDS HERE'!D9 -> Middle Mouse
A22: Class 5 (Purge) | B22: ='ENTER YOUR BINDS HERE'!B23 -> CQ | C22: Rescue | D22: Rescue | E22: Rescue
A23: Class 6 (Dispel) | B23: ='ENTER YOUR BINDS HERE'!B24 -> CE | C23: Expunge | D23: Expunge | E23: Naturalize
A24: Class 7 (Raid Defensive) | B24: ='ENTER YOUR BINDS HERE'!B25 -> CR | C24: Source of Magic | D24: Source of Magic | E24: Source of Magic
A25: Class 8 (Lust/BRes) | B25: ='ENTER YOUR BINDS HERE'!B26 -> CF | C25: Fury of the Aspects | D25: Fury of the Aspects | E25: Fury of the Aspects
A26: Personal Defensive 1 | B26: ='ENTER YOUR BINDS HERE'!B27 -> Z | C26: Obsidian Scales | D26: Obsidian Scales | E26: Obsidian Scales
A27: Personal Defensive 2 | B27: ='ENTER YOUR BINDS HERE'!B28 -> SZ
A28: Movement Ability | B28: ='ENTER YOUR BINDS HERE'!B29 -> X | C28: Hover | D28: Hover | E28: Hover
A29: Movement Ability 2 | B29: ='ENTER YOUR BINDS HERE'!B30 -> SX
A30: CC | B30: ='ENTER YOUR BINDS HERE'!B31 -> C | C30: Tail Swipe | D30: Tail Swipe | E30: Tail Swipe
A31: CC 2 | B31: ='ENTER YOUR BINDS HERE'!B32 -> SC | C31: Oppressing Roar | D31: Oppressing Roar | E31: Oppressing Roar
A32: Interrupt | B32: ='ENTER YOUR BINDS HERE'!B33 -> V | C32: Quell | D32: Quell
A33: Slow | B33: ='ENTER YOUR BINDS HERE'!B34 -> SV
A34: Buff | B34: ='ENTER YOUR BINDS HERE'!B36 -> CZ | C34: Blessing of the Bronze | D34: Blessing of the Bronze | E34: Blessing of the Bronze
A35: Res | B35: ='ENTER YOUR BINDS HERE'!B37 -> CX | C35: Return | D35: Return | E35: Return
A36: Immune/Spell Immune/Movement | B36: ='ENTER YOUR BINDS HERE'!B41 -> CC
A37: Taunt/Quick Access | B37: ='ENTER YOUR BINDS HERE'!B42 -> CV
A38: PvP | B38: ='ENTER YOUR BINDS HERE'!B38 -> AZ | C38: Time Stop | D38: Time Stop | E38: Time Stop
A39: PvP 2 | B39: ='ENTER YOUR BINDS HERE'!B39 -> AX | C39: Swoop Up | D39: Swoop Up | E39: Swoop Up
A40: PvP 3 | B40: ='ENTER YOUR BINDS HERE'!B40 -> AC | C40: Chrono Loop | D40: Chrono Loop | E40: Chrono Loop
A41: Mount | B41: ='ENTER YOUR BINDS HERE'!B35 -> AV | C41: Mount | D41: Mount | E41: Mount
A42: Healthstone/Potion Macro | B42: ='ENTER YOUR BINDS HERE'!B43 -> A1 | C42: Healthstone/Potion Macro | D42: Healthstone/Potion Macro | E42: Healthstone/Potion Macro
A43: Drinking/Mana Potion Macro | B43: ='ENTER YOUR BINDS HERE'!B44 -> A2 | C43: Drinking/Mana Potion Macro | D43: Drinking/Mana Potion Macro | E43: Drinking/Mana Potion Macro
A44: Damage Potion | B44: ='ENTER YOUR BINDS HERE'!B45 -> A3 | C44: Damage Potion | D44: Damage Potion | E44: Damage Potion
A45: Another Combat Item If Needed | B45: ='ENTER YOUR BINDS HERE'!B46 -> A4 | C45: Another Combat Item If Needed | D45: Another Combat Item If Needed | E45: Another Combat Item If Needed
A46: Trinket Macro | B46: ='ENTER YOUR BINDS HERE'!B47 -> AQ | C46: Trinket Macro | D46: Trinket Macro | E46: Trinket Macro
A47: Racial Ability | B47: ='ENTER YOUR BINDS HERE'!B48 -> AE | C47: Racial Ability | D47: Racial Ability | E47: Racial Ability
A48: Free | B48: ='ENTER YOUR BINDS HERE'!B49 -> AR | C48: Free | D48: Free | E48: Free
A49: Free | B49: ='ENTER YOUR BINDS HERE'!B50 -> AF | C49: Free | D49: Free | E49: Free
A50: Stance 1 | B50: ='ENTER YOUR BINDS HERE'!B51 -> F1 | C50: Black Attunement
A51: Stance 2 | B51: ='ENTER YOUR BINDS HERE'!B52 -> F2 | C51: Bronze Attunement
B57: ='ENTER YOUR BINDS HERE'!B58
B58: ='ENTER YOUR BINDS HERE'!B59

Sheet Hunter
A1: Category (Common Use) | B1: Keybind | C1: Beast Mastery | D1: Marksmanship | E1: Survival | F1: Notes | G1: Legend
A2: Combat 1 | B2: ='ENTER YOUR BINDS HERE'!B3 -> 1 | C2: Cobra Shot | D2: Steady Shot | E2: Raptor Strike | G2: Combat (Attacks/Cooldowns)
A3: Combat 2 | B3: ='ENTER YOUR BINDS HERE'!B4 -> 2 | C3: Barbed Shot | D3: Arcane Shot | E3: Kill Command | G3: Defensive
A4: Combat 3 | B4: ='ENTER YOUR BINDS HERE'!B5 -> 3 | C4: Kill Command | D4: Aimed Shot | E4: Wildfire Bomb | G4: Movement
A5: Combat 4 | B5: ='ENTER YOUR BINDS HERE'!B6 -> 4 | C5: Wild Thrash | D5: Rapid Fire | E5: Takedown | G5: CCs
A6: Combat 5 | B6: ='ENTER YOUR BINDS HERE'!B7 -> Q | C6: Black Arrow | D6: Black Arrow | E6: Boomstick | G6: Heals
A7: Combat 6 | B7: ='ENTER YOUR BINDS HERE'!B8 -> E | C7: Bestial Wrath | D7: Multi-Shot | E7: Flamefang Pitch | G7: Utility
A8: Combat 7 | B8: ='ENTER YOUR BINDS HERE'!B9 -> R | D8: Volley | E8: Hatchet Toss | G8: Items/Misc
A9: Combat 8 | B9: ='ENTER YOUR BINDS HERE'!B10 -> F | D9: Trueshot | E9: Harpoon | G9: Instant Access
A10: Combat 9 | B10: ='ENTER YOUR BINDS HERE'!B11 -> S1 | C10: Hunter's Mark | D10: Hunter's Mark | E10: Hunter's Mark | G10: PvP
A11: Combat 10 | B11: ='ENTER YOUR BINDS HERE'!B12 -> S2 | E11: Aspect of the Eagle | G11: Stances
A12: Combat 11 | B12: ='ENTER YOUR BINDS HERE'!B13 -> S3
A13: Combat 12 | B13: ='ENTER YOUR BINDS HERE'!B14 -> S4 | C13: Roar of Sacrifice | D13: Roar of Sacrifice | E13: Roar of Sacrifice | G13: why do you have so many buttons bro
A14: Class 1 (Movement) | B14: ='ENTER YOUR BINDS HERE'!B15 -> SQ | C14: Tar Trap | D14: Tar Trap | E14: Tar Trap
A15: Class 2 (CC) | B15: ='ENTER YOUR BINDS HERE'!B16 -> SE | C15: Freezing Trap | D15: Freezing Trap | E15: Freezing Trap | G15: OPie Master Ring | H15: ='ENTER YOUR BINDS HERE'!D3 -> T
A16: Class 3 (Tag) | B16: ='ENTER YOUR BINDS HERE'!B17 -> SR | C16: Misdirection | D16: Misdirection | E16: Misdirection | G16: OPie Markers Ring | H16: ='ENTER YOUR BINDS HERE'!D4 -> Shift+G
A17: Class 4 (Special) | B17: ='ENTER YOUR BINDS HERE'!B18 -> SF | C17: Call Pet 1 | D17: Call Pet 1 | E17: Call Pet 1 | G17: OPie World Markers Ring | H17: ='ENTER YOUR BINDS HERE'!D5 -> Ctrl+G
A18: Self-Heal 1 | B18: ='ENTER YOUR BINDS HERE'!B19 -> C1 | C18: Exhilaration | D18: Exhilaration | E18: Exhilaration | G18: ExtraActionButton | H18: ='ENTER YOUR BINDS HERE'!D6 -> 5
A19: Self-Heal 2 | B19: ='ENTER YOUR BINDS HERE'!B20 -> C2 | C19: Mend Pet | D19: Mend Pet | E19: Mend Pet | G19: Interact | H19: ='ENTER YOUR BINDS HERE'!D7 -> `
A20: Self-Heal 3 (Overflow) | B20: ='ENTER YOUR BINDS HERE'!B21 -> C3 | C20: Revive Pet | D20: Revive Pet | E20: Revive Pet | G20: OPie Quest Item Ring | H20: ='ENTER YOUR BINDS HERE'!D8 -> Shift+`
A21: Self-Heal 4 (Emergency/Overflow) | B21: ='ENTER YOUR BINDS HERE'!B22 -> C4 | C21: Camouflage | D21: Camouflage | E21: Camouflage | G21: Autorun | H21: ='ENTER YOUR BINDS HERE'!D9 -> Middle Mouse
A22: Class 5 (Purge) | B22: ='ENTER YOUR BINDS HERE'!B23 -> CQ | C22: Tranquilizing Shot | D22: Tranquilizing Shot | E22: Tranquilizing Shot
A23: Class 6 (Dispel) | B23: ='ENTER YOUR BINDS HERE'!B24 -> CE | C23: Flare | D23: Flare | E23: Flare
A24: Class 7 (Raid Defensive) | B24: ='ENTER YOUR BINDS HERE'!B25 -> CR | C24: Command Pet | D24: Command Pet | E24: Command Pet
A25: Class 8 (Lust/BRes) | B25: ='ENTER YOUR BINDS HERE'!B26 -> CF | C25: Ancient Hysteria | D25: Harrier's Cry | E25: Ancient Hysteria
A26: Personal Defensive 1 | B26: ='ENTER YOUR BINDS HERE'!B27 -> Z | C26: Survival of the Fittest | D26: Survival of the Fittest | E26: Survival of the Fittest
A27: Personal Defensive 2 | B27: ='ENTER YOUR BINDS HERE'!B28 -> SZ | C27: Feign Death | D27: Feign Death | E27: Feign Death
A28: Movement Ability | B28: ='ENTER YOUR BINDS HERE'!B29 -> X | C28: Aspect of the Cheetah | D28: Aspect of the Cheetah | E28: Aspect of the Cheetah
A29: Movement Ability 2 | B29: ='ENTER YOUR BINDS HERE'!B30 -> SX
A30: CC | B30: ='ENTER YOUR BINDS HERE'!B31 -> C | C30: Intimidation | D30: Intimidation | E30: Intimidation
A31: CC 2 | B31: ='ENTER YOUR BINDS HERE'!B32 -> SC | C31: Binding Shot | D31: Binding Shot | E31: Binding Shot
A32: Interrupt | B32: ='ENTER YOUR BINDS HERE'!B33 -> V | C32: Muzzle | D32: Muzzle | E32: Muzzle
A33: Slow | B33: ='ENTER YOUR BINDS HERE'!B34 -> SV | C33: Concussive Shot | D33: Concussive Shot | E33: Concussive Shot
A34: Buff | B34: ='ENTER YOUR BINDS HERE'!B36 -> CZ
A35: Res | B35: ='ENTER YOUR BINDS HERE'!B37 -> CX
A36: Immune/Spell Immune/Movement | B36: ='ENTER YOUR BINDS HERE'!B41 -> CC | C36: Aspect of the Turtle | D36: Aspect of the Turtle | E36: Aspect of the Turtle
A37: Taunt/Quick Access | B37: ='ENTER YOUR BINDS HERE'!B42 -> CV | C37: Disengage | D37: Disengage | E37: Mount
A38: PvP | B38: ='ENTER YOUR BINDS HERE'!B38 -> AZ | C38: Chimaeral Sting | D38: Chimaeral Sting | E38: Chimaeral Sting
A39: PvP 2 | B39: ='ENTER YOUR BINDS HERE'!B39 -> AX | C39: Dire Beast: Hawk
A40: PvP 3 | B40: ='ENTER YOUR BINDS HERE'!B40 -> AC | C40: Wild Kingdom
A41: Mount | B41: ='ENTER YOUR BINDS HERE'!B35 -> AV | C41: Mount | D41: Mount | E41: Mount
A42: Healthstone/Potion Macro | B42: ='ENTER YOUR BINDS HERE'!B43 -> A1 | C42: Healthstone/Potion Macro | D42: Healthstone/Potion Macro | E42: Healthstone/Potion Macro
A43: Drinking/Mana Potion Macro | B43: ='ENTER YOUR BINDS HERE'!B44 -> A2 | C43: Drinking/Mana Potion Macro | D43: Drinking/Mana Potion Macro | E43: Drinking/Mana Potion Macro
A44: Damage Potion | B44: ='ENTER YOUR BINDS HERE'!B45 -> A3 | C44: Damage Potion | D44: Damage Potion | E44: Damage Potion
A45: Another Combat Item If Needed | B45: ='ENTER YOUR BINDS HERE'!B46 -> A4 | C45: Another Combat Item If Needed | D45: Another Combat Item If Needed | E45: Another Combat Item If Needed
A46: Trinket Macro | B46: ='ENTER YOUR BINDS HERE'!B47 -> AQ | C46: Trinket Macro | D46: Trinket Macro | E46: Trinket Macro
A47: Racial Ability | B47: ='ENTER YOUR BINDS HERE'!B48 -> AE | C47: Racial Ability | D47: Racial Ability | E47: Racial Ability
A48: Free | B48: ='ENTER YOUR BINDS HERE'!B49 -> AR | C48: Free | D48: Free | E48: Free
A49: Free | B49: ='ENTER YOUR BINDS HERE'!B50 -> AF | C49: Free | D49: Free | E49: Free
B57: ='ENTER YOUR BINDS HERE'!B58
B58: ='ENTER YOUR BINDS HERE'!B59

Sheet Shaman
A1: Category (Common Use) | B1: Keybind | C1: Elemental | D1: Enhancement | E1: Restoration | F1: Notes | G1: Legend
A2: Combat 1 | B2: ='ENTER YOUR BINDS HERE'!B3 -> 1 | C2: Lightning Bolt | D2: Stormstrike | E2: Lightning Bolt | G2: Combat (Attacks/Cooldowns)
A3: Combat 2 | B3: ='ENTER YOUR BINDS HERE'!B4 -> 2 | C3: Lava Burst | D3: Lava Lash | E3: Lava Burst | G3: Defensive
A4: Combat 3 | B4: ='ENTER YOUR BINDS HERE'!B5 -> 3 | C4: Flame Shock | D4: Flame Shock | E4: Flame Shock | G4: Movement
A5: Combat 4 | B5: ='ENTER YOUR BINDS HERE'!B6 -> 4 | C5: Chain Lightning | D5: Crash Lightning | E5: Chain Lightning | G5: CCs
A6: Combat 5 | B6: ='ENTER YOUR BINDS HERE'!B7 -> Q | C6: Earth Shock | D6: Sundering | E6: Riptide | G6: Heals
A7: Combat 6 | B7: ='ENTER YOUR BINDS HERE'!B8 -> E | C7: Earthquake | D7: Lightning Bolt | E7: Healing Wave | G7: Utility
A8: Combat 7 | B8: ='ENTER YOUR BINDS HERE'!B9 -> R | C8: Stormkeeper | D8: Chain Lightning | E8: Chain Heal | G8: Items/Misc
A9: Combat 8 | B9: ='ENTER YOUR BINDS HERE'!B10 -> F | C9: Nature's Swiftness | D9: Surging Totem | E9: Nature's Swiftness | G9: Instant Access
A10: Combat 9 | B10: ='ENTER YOUR BINDS HERE'!B11 -> S1 | C10: Ascendance | D10: Doom Winds | E10: Ascendance | G10: PvP
A11: Combat 10 | B11: ='ENTER YOUR BINDS HERE'!B12 -> S2 | E11: Healing Rain | G11: Stances
A12: Combat 11 | B12: ='ENTER YOUR BINDS HERE'!B13 -> S3 | D12: Nature's Swiftness | E12: Unleash Life
A13: Combat 12 | B13: ='ENTER YOUR BINDS HERE'!B14 -> S4 | C13: Frost Shock | D13: Frost Shock | E13: Spirit Link Totem | G13: oddly packed but in 12.0, binding this is POSSIBLE!
A14: Class 1 (Movement) | B14: ='ENTER YOUR BINDS HERE'!B15 -> SQ | C14: Wind Rush Totem | D14: Wind Rush Totem | E14: Wind Rush Totem
A15: Class 2 (CC) | B15: ='ENTER YOUR BINDS HERE'!B16 -> SE | C15: Tremor Totem | D15: Tremor Totem | E15: Tremor Totem | G15: OPie Master Ring | H15: ='ENTER YOUR BINDS HERE'!D3 -> T
A16: Class 3 (Tag) | B16: ='ENTER YOUR BINDS HERE'!B17 -> SR | C16: Hex | D16: Hex | E16: Hex | G16: OPie Markers Ring | H16: ='ENTER YOUR BINDS HERE'!D4 -> Shift+G
A17: Class 4 (Special) | B17: ='ENTER YOUR BINDS HERE'!B18 -> SF | C17: Spiritwalker's Grace | D17: Feral Lunge | E17: Spiritwalker's Grace | G17: OPie World Markers Ring | H17: ='ENTER YOUR BINDS HERE'!D5 -> Ctrl+G
A18: Self-Heal 1 | B18: ='ENTER YOUR BINDS HERE'!B19 -> C1 | C18: Healing Surge | D18: Healing Surge | G18: ExtraActionButton | H18: ='ENTER YOUR BINDS HERE'!D6 -> 5
A19: Self-Heal 2 | B19: ='ENTER YOUR BINDS HERE'!B20 -> C2 | C19: Chain Heal | D19: Chain Heal | G19: Interact | H19: ='ENTER YOUR BINDS HERE'!D7 -> `
A20: Self-Heal 3 (Overflow) | B20: ='ENTER YOUR BINDS HERE'!B21 -> C3 | C20: Healing Stream Totem | D20: Healing Stream Totem | E20: Healing Stream Totem | G20: OPie Quest Item Ring | H20: ='ENTER YOUR BINDS HERE'!D8 -> Shift+`
A21: Self-Heal 4 (Emergency/Overflow) | B21: ='ENTER YOUR BINDS HERE'!B22 -> C4 | C21: Earth Shield | D21: Earth Shield | E21: Earth Shield | G21: Autorun | H21: ='ENTER YOUR BINDS HERE'!D9 -> Middle Mouse
A22: Class 5 (Purge) | B22: ='ENTER YOUR BINDS HERE'!B23 -> CQ | C22: Purge | D22: Purge | E22: Purge
A23: Class 6 (Dispel) | B23: ='ENTER YOUR BINDS HERE'!B24 -> CE | C23: Cleanse Spirit | D23: Cleanse Spirit | E23: Purify Spirit
A24: Class 7 (Raid Defensive) | B24: ='ENTER YOUR BINDS HERE'!B25 -> CR | C24: Totemic Projection | D24: Totemic Projection | E24: Totemic Projection
A25: Class 8 (Lust/BRes) | B25: ='ENTER YOUR BINDS HERE'!B26 -> CF | C25: Heroism | D25: Heroism | E25: Heroism
A26: Personal Defensive 1 | B26: ='ENTER YOUR BINDS HERE'!B27 -> Z | C26: Astral Shift | D26: Astral Shift | E26: Astral Shift
A27: Personal Defensive 2 | B27: ='ENTER YOUR BINDS HERE'!B28 -> SZ | C27: Earth Elemental | D27: Earth Elemental | E27: Earth Elemental
A28: Movement Ability | B28: ='ENTER YOUR BINDS HERE'!B29 -> X | C28: Ghost Wolf | D28: Ghost Wolf | E28: Ghost Wolf
A29: Movement Ability 2 | B29: ='ENTER YOUR BINDS HERE'!B30 -> SX | C29: Spirit Walk | D29: Spirit Walk | E29: Spirit Walk
A30: CC | B30: ='ENTER YOUR BINDS HERE'!B31 -> C | C30: Capacitor Totem | D30: Capacitor Totem | E30: Capacitor Totem
A31: CC 2 | B31: ='ENTER YOUR BINDS HERE'!B32 -> SC | C31: Thunderstorm | D31: Thunderstorm | E31: Thunderstorm
A32: Interrupt | B32: ='ENTER YOUR BINDS HERE'!B33 -> V | C32: Wind Shear | D32: Wind Shear | E32: Wind Shear
A33: Slow | B33: ='ENTER YOUR BINDS HERE'!B34 -> SV | C33: Earthgrab Totem | D33: Earthgrab Totem | E33: Earthgrab Totem
A34: Buff | B34: ='ENTER YOUR BINDS HERE'!B36 -> CZ | C34: Ancestral Spirit | D34: Ancestral Spirit | E34: Ancestral Vision
A35: Res | B35: ='ENTER YOUR BINDS HERE'!B37 -> CX | C35: Skyfury | D35: Skyfury | E35: Skyfury | F35: Can /castsequence.
A36: Immune/Spell Immune/Movement | B36: ='ENTER YOUR BINDS HERE'!B41 -> CC
A37: Taunt/Quick Access | B37: ='ENTER YOUR BINDS HERE'!B42 -> CV
A38: PvP | B38: ='ENTER YOUR BINDS HERE'!B38 -> AZ
A39: PvP 2 | B39: ='ENTER YOUR BINDS HERE'!B39 -> AX
A40: PvP 3 | B40: ='ENTER YOUR BINDS HERE'!B40 -> AC
A41: Mount | B41: ='ENTER YOUR BINDS HERE'!B35 -> AV | C41: Mount | D41: Mount | E41: Mount
A42: Healthstone/Potion Macro | B42: ='ENTER YOUR BINDS HERE'!B43 -> A1 | C42: Healthstone/Potion Macro | D42: Healthstone/Potion Macro | E42: Healthstone/Potion Macro
A43: Drinking/Mana Potion Macro | B43: ='ENTER YOUR BINDS HERE'!B44 -> A2 | C43: Drinking/Mana Potion Macro | D43: Drinking/Mana Potion Macro | E43: Drinking/Mana Potion Macro
A44: Damage Potion | B44: ='ENTER YOUR BINDS HERE'!B45 -> A3 | C44: Damage Potion | D44: Damage Potion | E44: Damage Potion
A45: Another Combat Item If Needed | B45: ='ENTER YOUR BINDS HERE'!B46 -> A4 | C45: Another Combat Item If Needed | D45: Another Combat Item If Needed | E45: Another Combat Item If Needed
A46: Trinket Macro | B46: ='ENTER YOUR BINDS HERE'!B47 -> AQ | C46: Trinket Macro | D46: Trinket Macro | E46: Trinket Macro
A47: Racial Ability | B47: ='ENTER YOUR BINDS HERE'!B48 -> AE | C47: Racial Ability | D47: Racial Ability | E47: Racial Ability
A48: Free | B48: ='ENTER YOUR BINDS HERE'!B49 -> AR | C48: Free | D48: Free | E48: Free
A49: Free | B49: ='ENTER YOUR BINDS HERE'!B50 -> AF | C49: Free | D49: Free | E49: Free
B57: ='ENTER YOUR BINDS HERE'!B58
B58: ='ENTER YOUR BINDS HERE'!B59

Sheet Demon Hunter
A1: Category (Common Use) | B1: Keybind | C1: Devourer | D1: Havoc | E1: Vengeance | F1: Notes | G1: Legend
A2: Combat 1 | B2: ='ENTER YOUR BINDS HERE'!B3 -> 1 | C2: Consume | D2: Chaos Strike | E2: Fracture | G2: Combat (Attacks/Cooldowns)
A3: Combat 2 | B3: ='ENTER YOUR BINDS HERE'!B4 -> 2 | C3: Reap | D3: Blade Dance | E3: Soul Cleave | G3: Defensive
A4: Combat 3 | B4: ='ENTER YOUR BINDS HERE'!B5 -> 3 | C4: Void Ray | D4: Eye Beam | E4: Spirit Bomb | G4: Movement
A5: Combat 4 | B5: ='ENTER YOUR BINDS HERE'!B6 -> 4 | C5: Soul Immolation | D5: Immolation Aura | E5: Immolation Aura | G5: CCs
A6: Combat 5 | B6: ='ENTER YOUR BINDS HERE'!B7 -> Q | C6: Void Metamorphosis | D6: Essence Break | E6: Demon Spikes | G6: Heals
A7: Combat 6 | B7: ='ENTER YOUR BINDS HERE'!B8 -> E | C7: The Hunt | D7: The Hunt | E7: Sigil of Flame | G7: Utility
A8: Combat 7 | B8: ='ENTER YOUR BINDS HERE'!B9 -> R | C8: Voidblade | D8: Felblade | E8: Felblade | G8: Items/Misc
A9: Combat 8 | B9: ='ENTER YOUR BINDS HERE'!B10 -> F | C9: Vengeful Retreat | D9: Vengeful Retreat | E9: Vengeful Retreat | G9: Instant Access
A10: Combat 9 | B10: ='ENTER YOUR BINDS HERE'!B11 -> S1 | D10: Metamorphosis | E10: Metamorphosis | G10: PvP
A11: Combat 10 | B11: ='ENTER YOUR BINDS HERE'!B12 -> S2 | E11: Sigil of Spite | G11: Stances
A12: Combat 11 | B12: ='ENTER YOUR BINDS HERE'!B13 -> S3 | E12: Soul Carver
A13: Combat 12 | B13: ='ENTER YOUR BINDS HERE'!B14 -> S4 | E13: Fel Devastation | G13: lmao devourer
A14: Class 1 (Movement) | B14: ='ENTER YOUR BINDS HERE'!B15 -> SQ
A15: Class 2 (CC) | B15: ='ENTER YOUR BINDS HERE'!B16 -> SE | E15: Sigil of Silence | G15: OPie Master Ring | H15: ='ENTER YOUR BINDS HERE'!D3 -> T
A16: Class 3 (Tag) | B16: ='ENTER YOUR BINDS HERE'!B17 -> SR | C16: Throw Glaive | D16: Throw Glaive | E16: Throw Glaive | G16: OPie Markers Ring | H16: ='ENTER YOUR BINDS HERE'!D4 -> Shift+G
A17: Class 4 (Special) | B17: ='ENTER YOUR BINDS HERE'!B18 -> SF | C17: Spectral Sight | D17: Spectral Sight | E17: Spectral Sight | G17: OPie World Markers Ring | H17: ='ENTER YOUR BINDS HERE'!D5 -> Ctrl+G
A18: Self-Heal 1 | B18: ='ENTER YOUR BINDS HERE'!B19 -> C1 | G18: ExtraActionButton | H18: ='ENTER YOUR BINDS HERE'!D6 -> 5
A19: Self-Heal 2 | B19: ='ENTER YOUR BINDS HERE'!B20 -> C2 | G19: Interact | H19: ='ENTER YOUR BINDS HERE'!D7 -> `
A20: Self-Heal 3 (Overflow) | B20: ='ENTER YOUR BINDS HERE'!B21 -> C3 | G20: OPie Quest Item Ring | H20: ='ENTER YOUR BINDS HERE'!D8 -> Shift+`
A21: Self-Heal 4 (Emergency/Overflow) | B21: ='ENTER YOUR BINDS HERE'!B22 -> C4 | G21: Autorun | H21: ='ENTER YOUR BINDS HERE'!D9 -> Middle Mouse
A22: Class 5 (Purge) | B22: ='ENTER YOUR BINDS HERE'!B23 -> CQ | C22: Consume Magic | D22: Consume Magic | E22: Consume Magic
A23: Class 6 (Dispel) | B23: ='ENTER YOUR BINDS HERE'!B24 -> CE | C23: Imprison | D23: Imprison | E23: Imprison
A24: Class 7 (Raid Defensive) | B24: ='ENTER YOUR BINDS HERE'!B25 -> CR | C24: Darkness | D24: Darkness | E24: Darkness
A25: Class 8 (Lust/BRes) | B25: ='ENTER YOUR BINDS HERE'!B26 -> CF
A26: Personal Defensive 1 | B26: ='ENTER YOUR BINDS HERE'!B27 -> Z | C26: Blur | D26: Blur | E26: Fiery Brand
A27: Personal Defensive 2 | B27: ='ENTER YOUR BINDS HERE'!B28 -> SZ
A28: Movement Ability | B28: ='ENTER YOUR BINDS HERE'!B29 -> X | C28: Shift | D28: Fel Rush | E28: Infernal Strike
A29: Movement Ability 2 | B29: ='ENTER YOUR BINDS HERE'!B30 -> SX
A30: CC | B30: ='ENTER YOUR BINDS HERE'!B31 -> C | C30: Void Nova | D30: Chaos Nova | E30: Chaos Nova
A31: CC 2 | B31: ='ENTER YOUR BINDS HERE'!B32 -> SC | C31: Sigil of Misery | D31: Sigil of Misery | E31: Sigil of Misery
A32: Interrupt | B32: ='ENTER YOUR BINDS HERE'!B33 -> V | C32: Disrupt | D32: Disrupt | E32: Disrupt
A33: Slow | B33: ='ENTER YOUR BINDS HERE'!B34 -> SV
A34: Buff | B34: ='ENTER YOUR BINDS HERE'!B36 -> CZ
A35: Res | B35: ='ENTER YOUR BINDS HERE'!B37 -> CX
A36: Immune/Spell Immune/Movement | B36: ='ENTER YOUR BINDS HERE'!B41 -> CC
A37: Taunt/Quick Access | B37: ='ENTER YOUR BINDS HERE'!B42 -> CV | C37: Torment | D37: Torment | E37: Torment
A38: PvP | B38: ='ENTER YOUR BINDS HERE'!B38 -> AZ | D38: Rain from Above | E38: Rain from Above
A39: PvP 2 | B39: ='ENTER YOUR BINDS HERE'!B39 -> AX | D39: Illidan's Grasp | E39: Illidan's Grasp
A40: PvP 3 | B40: ='ENTER YOUR BINDS HERE'!B40 -> AC | D40: Reverse Magic | E40: Reverse Magic
A41: Mount | B41: ='ENTER YOUR BINDS HERE'!B35 -> AV | C41: Mount | D41: Mount | E41: Mount
A42: Healthstone/Potion Macro | B42: ='ENTER YOUR BINDS HERE'!B43 -> A1 | C42: Healthstone/Potion Macro | D42: Healthstone/Potion Macro | E42: Healthstone/Potion Macro
A43: Drinking/Mana Potion Macro | B43: ='ENTER YOUR BINDS HERE'!B44 -> A2 | C43: Drinking/Mana Potion Macro | D43: Drinking/Mana Potion Macro | E43: Drinking/Mana Potion Macro
A44: Damage Potion | B44: ='ENTER YOUR BINDS HERE'!B45 -> A3 | C44: Damage Potion | D44: Damage Potion | E44: Damage Potion
A45: Another Combat Item If Needed | B45: ='ENTER YOUR BINDS HERE'!B46 -> A4 | C45: Another Combat Item If Needed | D45: Another Combat Item If Needed | E45: Another Combat Item If Needed
A46: Trinket Macro | B46: ='ENTER YOUR BINDS HERE'!B47 -> AQ | C46: Trinket Macro | D46: Trinket Macro | E46: Trinket Macro
A47: Racial Ability | B47: ='ENTER YOUR BINDS HERE'!B48 -> AE | C47: Racial Ability | D47: Racial Ability | E47: Racial Ability
A48: Free | B48: ='ENTER YOUR BINDS HERE'!B49 -> AR | C48: Free | D48: Free | E48: Free
A49: Free | B49: ='ENTER YOUR BINDS HERE'!B50 -> AF | C49: Free | D49: Free | E49: Free
B57: ='ENTER YOUR BINDS HERE'!B58
B58: ='ENTER YOUR BINDS HERE'!B59

Sheet Druid
A1: Category (Common Use) | B1: Keybind | C1: Balance | D1: Feral | E1: Guardian | F1: Restoration | G1: Notes | H1: Legend
A2: Combat 1 | B2: ='ENTER YOUR BINDS HERE'!B3 -> 1 | C2: Wrath | D2: Shred | E2: Mangle | F2: Wrath | H2: Combat (Attacks/Cooldowns)
A3: Combat 2 | B3: ='ENTER YOUR BINDS HERE'!B4 -> 2 | C3: Starfire | D3: Rake | E3: Thrash | F3: Starfire | H3: Defensive
A4: Combat 3 | B4: ='ENTER YOUR BINDS HERE'!B5 -> 3 | C4: Moonfire | D4: Rip | E4: Maul | F4: Moonfire | H4: Movement
A5: Combat 4 | B5: ='ENTER YOUR BINDS HERE'!B6 -> 4 | C5: Sunfire | D5: Ferocious Bite | E5: Frenzied Regeneration | F5: Sunfire | H5: CCs
A6: Combat 5 | B6: ='ENTER YOUR BINDS HERE'!B7 -> Q | C6: Starsurge | D6: Tiger's Fury | E6: Ironfur | F6: Rejuvenation | H6: Heals
A7: Combat 6 | B7: ='ENTER YOUR BINDS HERE'!B8 -> E | C7: Starfall | D7: Feral Frenzy | E7: Moonfire | F7: Regrowth | H7: Utility
A8: Combat 7 | B8: ='ENTER YOUR BINDS HERE'!B9 -> R | C8: Lunar Eclipse | D8: Swipe | E8: Swipe | F8: Lifebloom | H8: Items/Misc
A9: Combat 8 | B9: ='ENTER YOUR BINDS HERE'!B10 -> F | C9: Fury of Elune | D9: Primal Wrath | E9: Lunar Beam | F9: Swiftmend | H9: Instant Access
A10: Combat 9 | B10: ='ENTER YOUR BINDS HERE'!B11 -> S1 | C10: Celestial Alignment | D10: Berserk | E10: Berserk | F10: Tranquility | H10: PvP
A11: Combat 10 | B11: ='ENTER YOUR BINDS HERE'!B12 -> S2 | C11: Convoke the Spirits | D11: Convoke the Spirits | E11: Convoke the Spirits | F11: Incarnation: Tree Of Life | H11: Stances
A12: Combat 11 | B12: ='ENTER YOUR BINDS HERE'!B13 -> S3 | C12: Force of Nature | D12: Moonfire | E12: Sundering Roar | F12: Wild Growth
A13: Combat 12 | B13: ='ENTER YOUR BINDS HERE'!B14 -> S4 | C13: Wild Mushroom | D13: Maim | E13: Bristling Fur | F13: Ironbark | H13: so many buttons and forms DRUID SUCKS TO BIND BRO
A14: Class 1 (Movement) | B14: ='ENTER YOUR BINDS HERE'!B15 -> SQ | C14: Stampeding Roar | D14: Stampeding Roar | E14: Stampeding Roar | F14: Stampeding Roar
A15: Class 2 (CC) | B15: ='ENTER YOUR BINDS HERE'!B16 -> SE | C15: Mass Entanglement | D15: Mass Entanglement | E15: Mass Entanglement | F15: Mass Entanglement | H15: OPie Master Ring | I15: ='ENTER YOUR BINDS HERE'!D3 -> T
A16: Class 3 (Tag) | B16: ='ENTER YOUR BINDS HERE'!B17 -> SR | C16: Entangling Roots | D16: Entangling Roots | E16: Entangling Roots | F16: Entangling Roots | H16: OPie Markers Ring | I16: ='ENTER YOUR BINDS HERE'!D4 -> Shift+G
A17: Class 4 (Special) | B17: ='ENTER YOUR BINDS HERE'!B18 -> SF | C17: Hibernate | D17: Hibernate | E17: Hibernate | F17: Hibernate | H17: OPie World Markers Ring | I17: ='ENTER YOUR BINDS HERE'!D5 -> Ctrl+G
A18: Self-Heal 1 | B18: ='ENTER YOUR BINDS HERE'!B19 -> C1 | C18: Regrowth | D18: Regrowth | E18: Regrowth | F18: Nature's Swiftness | H18: ExtraActionButton | I18: ='ENTER YOUR BINDS HERE'!D6 -> 5
A19: Self-Heal 2 | B19: ='ENTER YOUR BINDS HERE'!B20 -> C2 | D19: Frenzied Regeneration | F19: Starsurge | G19: Starsurge here is overflow. | H19: Interact | I19: ='ENTER YOUR BINDS HERE'!D7 -> `
A20: Self-Heal 3 (Overflow) | B20: ='ENTER YOUR BINDS HERE'!B21 -> C3 | C20: Innervate | D20: Innervate | E20: Innervate | F20: Innervate | H20: OPie Quest Item Ring | I20: ='ENTER YOUR BINDS HERE'!D8 -> Shift+`
A21: Self-Heal 4 (Emergency/Overflow) | B21: ='ENTER YOUR BINDS HERE'!B22 -> C4 | C21: Heart of the Wild | D21: Heart of the Wild | E21: Heart of the Wild | F21: Heart of the Wild | H21: Autorun | I21: ='ENTER YOUR BINDS HERE'!D9 -> Middle Mouse
A22: Class 5 (Purge) | B22: ='ENTER YOUR BINDS HERE'!B23 -> CQ | C22: Soothe | D22: Soothe | E22: Soothe | F22: Soothe
A23: Class 6 (Dispel) | B23: ='ENTER YOUR BINDS HERE'!B24 -> CE | C23: Remove Corruption | D23: Remove Corruption | E23: Remove Corruption | F23: Nature's Cure
A24: Class 7 (Raid Defensive) | B24: ='ENTER YOUR BINDS HERE'!B25 -> CR | E24: Prowl | F24: Efflorescence? | G24: Efflo really only goes here.
A25: Class 8 (Lust/BRes) | B25: ='ENTER YOUR BINDS HERE'!B26 -> CF | C25: Rebirth | D25: Rebirth | E25: Rebirth | F25: Rebirth
A26: Personal Defensive 1 | B26: ='ENTER YOUR BINDS HERE'!B27 -> Z | C26: Barkskin | D26: Barkskin | E26: Barkskin | F26: Barkskin
A27: Personal Defensive 2 | B27: ='ENTER YOUR BINDS HERE'!B28 -> SZ | D27: Survival Instincts | E27: Survival Instincts
A28: Movement Ability | B28: ='ENTER YOUR BINDS HERE'!B29 -> X | C28: Dash | D28: Dash | E28: Dash | F28: Dash
A29: Movement Ability 2 | B29: ='ENTER YOUR BINDS HERE'!B30 -> SX
A30: CC | B30: ='ENTER YOUR BINDS HERE'!B31 -> C | C30: Mighty Bash | D30: Mighty Bash | E30: Mighty Bash | F30: Mighty Bash
A31: CC 2 | B31: ='ENTER YOUR BINDS HERE'!B32 -> SC | C31: Typhoon | D31: Typhoon | E31: Typhoon | F31: Typhoon
A32: Interrupt | B32: ='ENTER YOUR BINDS HERE'!B33 -> V | C32: Solar Beam | D32: Skull Bash | E32: Skull Bash
A33: Slow | B33: ='ENTER YOUR BINDS HERE'!B34 -> SV
A34: Buff | B34: ='ENTER YOUR BINDS HERE'!B36 -> CZ | C34: Mark of the Wild | D34: Mark of the Wild | E34: Mark of the Wild | F34: Mark of the Wild
A35: Res | B35: ='ENTER YOUR BINDS HERE'!B37 -> CX | C35: Revive | D35: Revive | E35: Revive | F35: Revive
A36: Immune/Spell Immune/Movement | B36: ='ENTER YOUR BINDS HERE'!B41 -> CC | C36: Wild Charge | D36: Wild Charge | E36: Wild Charge | F36: Wild Charge
A37: Taunt/Quick Access | B37: ='ENTER YOUR BINDS HERE'!B42 -> CV | C37: Prowl | D37: Prowl | E37: Growl | F37: Prowl
A38: PvP | B38: ='ENTER YOUR BINDS HERE'!B38 -> AZ | C38: Faerie Swarm
A39: PvP 2 | B39: ='ENTER YOUR BINDS HERE'!B39 -> AX
A40: PvP 3 | B40: ='ENTER YOUR BINDS HERE'!B40 -> AC | C40: Symbiotic Relationship | D40: Symbiotic Relationship | E40: Symbiotic Relationship | F40: Symbiotic Relationship | G40: This is just overflow.
A41: Mount | B41: ='ENTER YOUR BINDS HERE'!B35 -> AV | C41: Mount | D41: Mount | E41: Mount | F41: Mount
A42: Healthstone/Potion Macro | B42: ='ENTER YOUR BINDS HERE'!B43 -> A1 | C42: Healthstone/Potion Macro | D42: Healthstone/Potion Macro | E42: Healthstone/Potion Macro | F42: Healthstone/Potion Macro
A43: Drinking/Mana Potion Macro | B43: ='ENTER YOUR BINDS HERE'!B44 -> A2 | C43: Drinking/Mana Potion Macro | D43: Drinking/Mana Potion Macro | E43: Drinking/Mana Potion Macro | F43: Drinking/Mana Potion Macro
A44: Damage Potion | B44: ='ENTER YOUR BINDS HERE'!B45 -> A3 | C44: Damage Potion | D44: Damage Potion | E44: Damage Potion | F44: Damage Potion
A45: Another Combat Item If Needed | B45: ='ENTER YOUR BINDS HERE'!B46 -> A4 | C45: Another Combat Item If Needed | D45: Another Combat Item If Needed | E45: Another Combat Item If Needed | F45: Another Combat Item If Needed
A46: Trinket Macro | B46: ='ENTER YOUR BINDS HERE'!B47 -> AQ | C46: Trinket Macro | D46: Trinket Macro | E46: Trinket Macro | F46: Trinket Macro
A47: Racial Ability | B47: ='ENTER YOUR BINDS HERE'!B48 -> AE | C47: Racial Ability | D47: Racial Ability | E47: Racial Ability | F47: Racial Ability
A48: Free | B48: ='ENTER YOUR BINDS HERE'!B49 -> AR | C48: Free | D48: Free | E48: Free | F48: Free
A49: Free | B49: ='ENTER YOUR BINDS HERE'!B50 -> AF | C49: Free | D49: Free | E49: Free | F49: Free
A50: Stance 1 | B50: ='ENTER YOUR BINDS HERE'!B51 -> F1 | C50: Bear Form | D50: Bear Form | E50: Bear Form | F50: Bear Form | G50: There are possibly with Treant/Stag, but... not worth noting.
A51: Stance 2 | B51: ='ENTER YOUR BINDS HERE'!B52 -> F2 | C51: Cat Form | D51: Cat Form | E51: Cat Form | F51: Cat Form
A52: Stance 3 | B52: ='ENTER YOUR BINDS HERE'!B53 -> F3 | C52: Travel Form | D52: Travel Form | E52: Travel Form | F52: Travel Form
A53: Stance 4 | B53: ='ENTER YOUR BINDS HERE'!B54 -> F4 | C53: Moonkin Form | D53: Moonkin Form | E53: Moonkin Form | F53: Moonkin Form
B57: ='ENTER YOUR BINDS HERE'!B58
B58: ='ENTER YOUR BINDS HERE'!B59

Sheet Monk
A1: Category (Common Use) | B1: Keybind | C1: Brewmaster | D1: Mistweaver | E1: Windwalker | F1: Notes | G1: Legend
A2: Combat 1 | B2: ='ENTER YOUR BINDS HERE'!B3 -> 1 | C2: Tiger Palm | D2: Tiger Palm | E2: Tiger Palm | G2: Combat (Attacks/Cooldowns)
A3: Combat 2 | B3: ='ENTER YOUR BINDS HERE'!B4 -> 2 | C3: Blackout Kick | D3: Blackout Kick | E3: Blackout Kick | G3: Defensive
A4: Combat 3 | B4: ='ENTER YOUR BINDS HERE'!B5 -> 3 | C4: Keg Smash | D4: Rising Sun Kick | E4: Rising Sun Kick | G4: Movement
A5: Combat 4 | B5: ='ENTER YOUR BINDS HERE'!B6 -> 4 | C5: Breath of Fire | D5: Spinning Crane Kick | E5: Fists of Fury | G5: CCs
A6: Combat 5 | B6: ='ENTER YOUR BINDS HERE'!B7 -> Q | C6: Celestial Infusion | D6: Sheilun's Gift | E6: Strike of the Windlord | G6: Heals
A7: Combat 6 | B7: ='ENTER YOUR BINDS HERE'!B8 -> E | C7: Purifying Brew | D7: Renewing Mist | E7: Whirling Dragon Punch | G7: Utility
A8: Combat 7 | B8: ='ENTER YOUR BINDS HERE'!B9 -> R | C8: Spinning Crane Kick | D8: Enveloping Mist | E8: Spinning Crane Kick | G8: Items/Misc
A9: Combat 8 | B9: ='ENTER YOUR BINDS HERE'!B10 -> F | C9: Rushing Jade Wind | D9: Soothing Mist | E9: Zenith | G9: Instant Access
A10: Combat 9 | B10: ='ENTER YOUR BINDS HERE'!B11 -> S1 | C10: Invoke Niuzao, the Black Ox | D10: Invoke Chi-Ji, the Red Crane | E10: Invoke Xuen, the White Tiger | G10: PvP
A11: Combat 10 | B11: ='ENTER YOUR BINDS HERE'!B12 -> S2 | C11: Exploding Keg | D11: Revival | G11: Stances
A12: Combat 11 | B12: ='ENTER YOUR BINDS HERE'!B13 -> S3 | D12: Celestial Conduit
A13: Combat 12 | B13: ='ENTER YOUR BINDS HERE'!B14 -> S4 | C13: Chi Burst | D13: Life Cocoon | E13: Flying Serpent Kick | G13: transcendence is a pain (the ability and the concept irl)
A14: Class 1 (Movement) | B14: ='ENTER YOUR BINDS HERE'!B15 -> SQ | C14: Transcendence: Transfer | D14: Transcendence: Transfer | E14: Transcendence: Transfer
A15: Class 2 (CC) | B15: ='ENTER YOUR BINDS HERE'!B16 -> SE | C15: Ring of Peace | D15: Ring of Peace | E15: Ring of Peace | G15: OPie Master Ring | H15: ='ENTER YOUR BINDS HERE'!D3 -> T
A16: Class 3 (Tag) | B16: ='ENTER YOUR BINDS HERE'!B17 -> SR | C16: Crackling Jade Lightning | D16: Crackling Jade Lightning | E16: Crackling Jade Lightning | G16: OPie Markers Ring | H16: ='ENTER YOUR BINDS HERE'!D4 -> Shift+G
A17: Class 4 (Special) | B17: ='ENTER YOUR BINDS HERE'!B18 -> SF | C17: Touch of Death | D17: Touch of Death | E17: Touch of Death | G17: OPie World Markers Ring | H17: ='ENTER YOUR BINDS HERE'!D5 -> Ctrl+G
A18: Self-Heal 1 | B18: ='ENTER YOUR BINDS HERE'!B19 -> C1 | C18: Vivify | D18: Thunder Focus Tea | E18: Vivify | G18: ExtraActionButton | H18: ='ENTER YOUR BINDS HERE'!D6 -> 5
A19: Self-Heal 2 | B19: ='ENTER YOUR BINDS HERE'!B20 -> C2 | C19: Expel Harm | G19: Interact | H19: ='ENTER YOUR BINDS HERE'!D7 -> `
A20: Self-Heal 3 (Overflow) | B20: ='ENTER YOUR BINDS HERE'!B21 -> C3 | C20: Soothing Mist | E20: Soothing Mist | G20: OPie Quest Item Ring | H20: ='ENTER YOUR BINDS HERE'!D8 -> Shift+`
A21: Self-Heal 4 (Emergency/Overflow) | B21: ='ENTER YOUR BINDS HERE'!B22 -> C4 | C21: Black Ox Brew | D21: Mana Tea | G21: Autorun | H21: ='ENTER YOUR BINDS HERE'!D9 -> Middle Mouse
A22: Class 5 (Purge) | B22: ='ENTER YOUR BINDS HERE'!B23 -> CQ | C22: Transcendence | D22: Transcendence | E22: Transcendence
A23: Class 6 (Dispel) | B23: ='ENTER YOUR BINDS HERE'!B24 -> CE | C23: Detox | D23: Detox | E23: Detox
A24: Class 7 (Raid Defensive) | B24: ='ENTER YOUR BINDS HERE'!B25 -> CR | C24: Zen Flight | D24: Zen Flight | E24: Zen Flight
A25: Class 8 (Lust/BRes) | B25: ='ENTER YOUR BINDS HERE'!B26 -> CF | C25: Summon Black Ox Statue | D25: Summon Jade Serpent Statue
A26: Personal Defensive 1 | B26: ='ENTER YOUR BINDS HERE'!B27 -> Z | C26: Fortifying Brew | D26: Fortifying Brew | E26: Fortifying Brew
A27: Personal Defensive 2 | B27: ='ENTER YOUR BINDS HERE'!B28 -> SZ | E27: Touch of Karma
A28: Movement Ability | B28: ='ENTER YOUR BINDS HERE'!B29 -> X | C28: Roll | D28: Roll | E28: Roll
A29: Movement Ability 2 | B29: ='ENTER YOUR BINDS HERE'!B30 -> SX | C29: Tiger's Lust | D29: Tiger's Lust | E29: Tiger's Lust
A30: CC | B30: ='ENTER YOUR BINDS HERE'!B31 -> C | C30: Leg Sweep | D30: Leg Sweep | E30: Leg Sweep
A31: CC 2 | B31: ='ENTER YOUR BINDS HERE'!B32 -> SC | C31: Paralysis | D31: Paralysis | E31: Paralysis
A32: Interrupt | B32: ='ENTER YOUR BINDS HERE'!B33 -> V | C32: Spear Hand Strike | D32: Spear Hand Strike | E32: Spear Hand Strike
A33: Slow | B33: ='ENTER YOUR BINDS HERE'!B34 -> SV | C33: Disable | D33: Disable | E33: Disable
A34: Buff | B34: ='ENTER YOUR BINDS HERE'!B36 -> CZ | C34: Res | D34: Res | E34: Res
A35: Res | B35: ='ENTER YOUR BINDS HERE'!B37 -> CX
A36: Immune/Spell Immune/Movement | B36: ='ENTER YOUR BINDS HERE'!B41 -> CC
A37: Taunt/Quick Access | B37: ='ENTER YOUR BINDS HERE'!B42 -> CV | C37: Provoke | D37: Provoke | E37: Provoke
A38: PvP | B38: ='ENTER YOUR BINDS HERE'!B38 -> AZ | C38: Nimble Brew | D38: Nimble Brew | E38: Nimble Brew
A39: PvP 2 | B39: ='ENTER YOUR BINDS HERE'!B39 -> AX | C39: Double Barrel | D39: Double Barrel | E39: Double Barrel
A40: PvP 3 | B40: ='ENTER YOUR BINDS HERE'!B40 -> AC | D40: Reverse Magic | E40: Reverse Magic
A41: Mount | B41: ='ENTER YOUR BINDS HERE'!B35 -> AV | C41: Mount | D41: Mount | E41: Mount
A42: Healthstone/Potion Macro | B42: ='ENTER YOUR BINDS HERE'!B43 -> A1 | C42: Healthstone/Potion Macro | D42: Healthstone/Potion Macro | E42: Healthstone/Potion Macro
A43: Drinking/Mana Potion Macro | B43: ='ENTER YOUR BINDS HERE'!B44 -> A2 | C43: Drinking/Mana Potion Macro | D43: Drinking/Mana Potion Macro | E43: Drinking/Mana Potion Macro
A44: Damage Potion | B44: ='ENTER YOUR BINDS HERE'!B45 -> A3 | C44: Damage Potion | D44: Damage Potion | E44: Damage Potion
A45: Another Combat Item If Needed | B45: ='ENTER YOUR BINDS HERE'!B46 -> A4 | C45: Another Combat Item If Needed | D45: Another Combat Item If Needed | E45: Another Combat Item If Needed
A46: Trinket Macro | B46: ='ENTER YOUR BINDS HERE'!B47 -> AQ | C46: Trinket Macro | D46: Trinket Macro | E46: Trinket Macro
A47: Racial Ability | B47: ='ENTER YOUR BINDS HERE'!B48 -> AE | C47: Racial Ability | D47: Racial Ability | E47: Racial Ability
A48: Free | B48: ='ENTER YOUR BINDS HERE'!B49 -> AR | C48: Free | D48: Free | E48: Free
A49: Free | B49: ='ENTER YOUR BINDS HERE'!B50 -> AF | C49: Free | D49: Free | E49: Free
B57: ='ENTER YOUR BINDS HERE'!B58
B58: ='ENTER YOUR BINDS HERE'!B59

Sheet Rogue
A1: Category (Common Use) | B1: Keybind | C1: Assassination | D1: Outlaw | E1: Subtlety | F1: Notes | G1: Legend
A2: Combat 1 | B2: ='ENTER YOUR BINDS HERE'!B3 -> 1 | C2: Mutilate | D2: Sinister Strike | E2: Backstab | G2: Combat (Attacks/Cooldowns)
A3: Combat 2 | B3: ='ENTER YOUR BINDS HERE'!B4 -> 2 | C3: Garrote | D3: Pistol Shot | E3: Shadowstrike | G3: Defensive
A4: Combat 3 | B4: ='ENTER YOUR BINDS HERE'!B5 -> 3 | C4: Rupture | D4: Between The Eyes | E4: Secret Technique | G4: Movement
A5: Combat 4 | B5: ='ENTER YOUR BINDS HERE'!B6 -> 4 | C5: Envenom | D5: Dispatch | E5: Eviscerate | G5: CCs
A6: Combat 5 | B6: ='ENTER YOUR BINDS HERE'!B7 -> Q | C6: Kingsbane | D6: Roll the Bones | E6: Shadow Dance | G6: Heals
A7: Combat 6 | B7: ='ENTER YOUR BINDS HERE'!B8 -> E | C7: Fan of Knives | D7: Blade Flurry | E7: Shuriken Storm | G7: Utility
A8: Combat 7 | B8: ='ENTER YOUR BINDS HERE'!B9 -> R | C8: Crimson Tempest | D8: Blade Rush | E8: Black Powder | G8: Items/Misc
A9: Combat 8 | B9: ='ENTER YOUR BINDS HERE'!B10 -> F | D9: Killing Spree | E9: Goremaw's Bite | G9: Instant Access
A10: Combat 9 | B10: ='ENTER YOUR BINDS HERE'!B11 -> S1 | C10: Deathmark | D10: Adrenaline Rush | E10: Shadow Blades | G10: PvP
A11: Combat 10 | B11: ='ENTER YOUR BINDS HERE'!B12 -> S2 | D11: Keep It Rolling | G11: Stances
A12: Combat 11 | B12: ='ENTER YOUR BINDS HERE'!B13 -> S3 | D12: Preparation
A13: Combat 12 | B13: ='ENTER YOUR BINDS HERE'!B14 -> S4 | G13: you play 'sub' and your agency was removed? tell me more
A14: Class 1 (Movement) | B14: ='ENTER YOUR BINDS HERE'!B15 -> SQ | C14: Sap | D14: Sap | E14: Sap
A15: Class 2 (CC) | B15: ='ENTER YOUR BINDS HERE'!B16 -> SE | C15: Blind | D15: Blind | E15: Blind | G15: OPie Master Ring | H15: ='ENTER YOUR BINDS HERE'!D3 -> T
A16: Class 3 (Tag) | B16: ='ENTER YOUR BINDS HERE'!B17 -> SR | C16: Poisoned Knife | E16: Shuriken Toss | G16: OPie Markers Ring | H16: ='ENTER YOUR BINDS HERE'!D4 -> Shift+G
A17: Class 4 (Special) | B17: ='ENTER YOUR BINDS HERE'!B18 -> SF | C17: Vanish | D17: Vanish | E17: Vanish | G17: OPie World Markers Ring | H17: ='ENTER YOUR BINDS HERE'!D5 -> Ctrl+G
A18: Self-Heal 1 | B18: ='ENTER YOUR BINDS HERE'!B19 -> C1 | C18: Crimson Vial | D18: Crimson Vial | E18: Crimson Vial | G18: ExtraActionButton | H18: ='ENTER YOUR BINDS HERE'!D6 -> 5
A19: Self-Heal 2 | B19: ='ENTER YOUR BINDS HERE'!B20 -> C2 | C19: Thistle Tea | D19: Thistle Tea | E19: Thistle Tea | G19: Interact | H19: ='ENTER YOUR BINDS HERE'!D7 -> `
A20: Self-Heal 3 (Overflow) | B20: ='ENTER YOUR BINDS HERE'!B21 -> C3 | G20: OPie Quest Item Ring | H20: ='ENTER YOUR BINDS HERE'!D8 -> Shift+`
A21: Self-Heal 4 (Emergency/Overflow) | B21: ='ENTER YOUR BINDS HERE'!B22 -> C4 | C21: Cloak of Shadows | D21: Cloak of Shadows | E21: Cloak of Shadows | G21: Autorun | H21: ='ENTER YOUR BINDS HERE'!D9 -> Middle Mouse
A22: Class 5 (Purge) | B22: ='ENTER YOUR BINDS HERE'!B23 -> CQ | C22: Shiv | D22: Shiv | E22: Shiv
A23: Class 6 (Dispel) | B23: ='ENTER YOUR BINDS HERE'!B24 -> CE | C23: Distract | D23: Distract | E23: Distract
A24: Class 7 (Raid Defensive) | B24: ='ENTER YOUR BINDS HERE'!B25 -> CR | C24: Tricks of the Trade | D24: Tricks of the Trade | E24: Tricks of the Trade
A25: Class 8 (Lust/BRes) | B25: ='ENTER YOUR BINDS HERE'!B26 -> CF | C25: Shroud of Concealment | D25: Shroud of Concealment | E25: Shroud of Concealment
A26: Personal Defensive 1 | B26: ='ENTER YOUR BINDS HERE'!B27 -> Z | C26: Evasion | D26: Evasion | E26: Evasion
A27: Personal Defensive 2 | B27: ='ENTER YOUR BINDS HERE'!B28 -> SZ | C27: Feint | D27: Feint | E27: Feint
A28: Movement Ability | B28: ='ENTER YOUR BINDS HERE'!B29 -> X | C28: Sprint | D28: Sprint | E28: Sprint
A29: Movement Ability 2 | B29: ='ENTER YOUR BINDS HERE'!B30 -> SX
A30: CC | B30: ='ENTER YOUR BINDS HERE'!B31 -> C | C30: Kidney Shot | D30: Kidney Shot | E30: Kidney Shot
A31: CC 2 | B31: ='ENTER YOUR BINDS HERE'!B32 -> SC | C31: Cheap Shot | D31: Cheap Shot | E31: Cheap Shot
A32: Interrupt | B32: ='ENTER YOUR BINDS HERE'!B33 -> V | C32: Kick | D32: Kick | E32: Kick
A33: Slow | B33: ='ENTER YOUR BINDS HERE'!B34 -> SV | C33: Gouge | D33: Gouge | E33: Gouge
A34: Buff | B34: ='ENTER YOUR BINDS HERE'!B36 -> CZ
A35: Res | B35: ='ENTER YOUR BINDS HERE'!B37 -> CX | C35: Poisons | D35: Poisons | E35: Poisons
A36: Immune/Spell Immune/Movement | B36: ='ENTER YOUR BINDS HERE'!B41 -> CC | C36: Shadowstep | D36: Grappling Hook | E36: Shadowstep
A37: Taunt/Quick Access | B37: ='ENTER YOUR BINDS HERE'!B42 -> CV | C37: Stealth | D37: Stealth | E37: Stealth | F37: Also Stance 1, but I like it here because I'm used to Feral.
A38: PvP | B38: ='ENTER YOUR BINDS HERE'!B38 -> AZ
A39: PvP 2 | B39: ='ENTER YOUR BINDS HERE'!B39 -> AX
A40: PvP 3 | B40: ='ENTER YOUR BINDS HERE'!B40 -> AC
A41: Mount | B41: ='ENTER YOUR BINDS HERE'!B35 -> AV | C41: Mount | D41: Mount | E41: Mount
A42: Healthstone/Potion Macro | B42: ='ENTER YOUR BINDS HERE'!B43 -> A1 | C42: Healthstone/Potion Macro | D42: Healthstone/Potion Macro | E42: Healthstone/Potion Macro
A43: Drinking/Mana Potion Macro | B43: ='ENTER YOUR BINDS HERE'!B44 -> A2 | C43: Drinking/Mana Potion Macro | D43: Drinking/Mana Potion Macro | E43: Drinking/Mana Potion Macro
A44: Damage Potion | B44: ='ENTER YOUR BINDS HERE'!B45 -> A3 | C44: Damage Potion | D44: Damage Potion | E44: Damage Potion
A45: Another Combat Item If Needed | B45: ='ENTER YOUR BINDS HERE'!B46 -> A4 | C45: Another Combat Item If Needed | D45: Another Combat Item If Needed | E45: Another Combat Item If Needed
A46: Trinket Macro | B46: ='ENTER YOUR BINDS HERE'!B47 -> AQ | C46: Trinket Macro | D46: Trinket Macro | E46: Trinket Macro
A47: Racial Ability | B47: ='ENTER YOUR BINDS HERE'!B48 -> AE | C47: Racial Ability | D47: Racial Ability | E47: Racial Ability
A48: Free | B48: ='ENTER YOUR BINDS HERE'!B49 -> AR | C48: Free | D48: Free | E48: Free
A49: Free | B49: ='ENTER YOUR BINDS HERE'!B50 -> AF | C49: Free | D49: Free | E49: Free
A50: Stance 1 | B50: ='ENTER YOUR BINDS HERE'!B51 -> F1 | C50: Stealth | D50: Stealth | E50: Stealth
B57: ='ENTER YOUR BINDS HERE'!B58
B58: ='ENTER YOUR BINDS HERE'!B59

Sheet Mage
A1: Category (Common Use) | B1: Keybind | C1: Arcane | D1: Fire | E1: Frost | F1: Notes | G1: Legend
A2: Combat 1 | B2: ='ENTER YOUR BINDS HERE'!B3 -> 1 | C2: Arcane Blast | D2: Fireball | E2: Frostbolt | G2: Combat (Attacks/Cooldowns)
A3: Combat 2 | B3: ='ENTER YOUR BINDS HERE'!B4 -> 2 | C3: Arcane Barrage | D3: Fire Blast | E3: Ice Lance | G3: Defensive
A4: Combat 3 | B4: ='ENTER YOUR BINDS HERE'!B5 -> 3 | C4: Arcane Missiles | D4: Pyroblast | E4: Flurry | G4: Movement
A5: Combat 4 | B5: ='ENTER YOUR BINDS HERE'!B6 -> 4 | C5: Arcane Orb | D5: Scorch | E5: Frozen Orb | G5: CCs
A6: Combat 5 | B6: ='ENTER YOUR BINDS HERE'!B7 -> Q | C6: Touch of the Magi | D6: Combustion | E6: Ray of Frost | G6: Heals
A7: Combat 6 | B7: ='ENTER YOUR BINDS HERE'!B8 -> E | C7: Arcane Pulse | D7: Flamestrike | E7: Blizzard | G7: Utility
A8: Combat 7 | B8: ='ENTER YOUR BINDS HERE'!B9 -> R | C8: Arcane Surge | D8: Meteor | G8: Items/Misc
A9: Combat 8 | B9: ='ENTER YOUR BINDS HERE'!B10 -> F | C9: Presence of Mind | G9: Instant Access
A10: Combat 9 | B10: ='ENTER YOUR BINDS HERE'!B11 -> S1 | C10: Evocation | G10: PvP
A11: Combat 10 | B11: ='ENTER YOUR BINDS HERE'!B12 -> S2 | G11: Stances
A12: Combat 11 | B12: ='ENTER YOUR BINDS HERE'!B13 -> S3
A13: Combat 12 | B13: ='ENTER YOUR BINDS HERE'!B14 -> S4 | D13: Arcane Explosion | E13: Arcane Explosion | G13: Frost's combat section is the joke here
A14: Class 1 (Movement) | B14: ='ENTER YOUR BINDS HERE'!B15 -> SQ | C14: Mass Polymorph | D14: Mass Polymorph | E14: Mass Polymorph
A15: Class 2 (CC) | B15: ='ENTER YOUR BINDS HERE'!B16 -> SE | C15: Cone of Cold | D15: Cone of Cold | E15: Cone of Cold | G15: OPie Master Ring | H15: ='ENTER YOUR BINDS HERE'!D3 -> T
A16: Class 3 (Tag) | B16: ='ENTER YOUR BINDS HERE'!B17 -> SR | C16: Polymorph | D16: Polymorph | E16: Polymorph | G16: OPie Markers Ring | H16: ='ENTER YOUR BINDS HERE'!D4 -> Shift+G
A17: Class 4 (Special) | B17: ='ENTER YOUR BINDS HERE'!B18 -> SF | C17: Mass Invisibility | D17: Mass Invisibility | E17: Mass Invisibility | G17: OPie World Markers Ring | H17: ='ENTER YOUR BINDS HERE'!D5 -> Ctrl+G
A18: Self-Heal 1 | B18: ='ENTER YOUR BINDS HERE'!B19 -> C1 | C18: Alter Time | D18: Alter Time | E18: Alter Time | G18: ExtraActionButton | H18: ='ENTER YOUR BINDS HERE'!D6 -> 5
A19: Self-Heal 2 | B19: ='ENTER YOUR BINDS HERE'!B20 -> C2 | C19: Mirror Image | D19: Mirror Image | E19: Mirror Image | G19: Interact | H19: ='ENTER YOUR BINDS HERE'!D7 -> `
A20: Self-Heal 3 (Overflow) | B20: ='ENTER YOUR BINDS HERE'!B21 -> C3 | G20: OPie Quest Item Ring | H20: ='ENTER YOUR BINDS HERE'!D8 -> Shift+`
A21: Self-Heal 4 (Emergency/Overflow) | B21: ='ENTER YOUR BINDS HERE'!B22 -> C4 | G21: Autorun | H21: ='ENTER YOUR BINDS HERE'!D9 -> Middle Mouse
A22: Class 5 (Purge) | B22: ='ENTER YOUR BINDS HERE'!B23 -> CQ | C22: Spellsteal | D22: Spellsteal | E22: Spellsteal
A23: Class 6 (Dispel) | B23: ='ENTER YOUR BINDS HERE'!B24 -> CE | C23: Remove Curse | D23: Remove Curse | E23: Remove Curse
A24: Class 7 (Raid Defensive) | B24: ='ENTER YOUR BINDS HERE'!B25 -> CR | C24: Slow Fall | D24: Slow Fall | E24: Slow Fall
A25: Class 8 (Lust/BRes) | B25: ='ENTER YOUR BINDS HERE'!B26 -> CF | C25: Time Warp | D25: Time Warp | E25: Time Warp
A26: Personal Defensive 1 | B26: ='ENTER YOUR BINDS HERE'!B27 -> Z | C26: Prismatic Barrier | D26: Prismatic Barrier | E26: Prismatic Barrier
A27: Personal Defensive 2 | B27: ='ENTER YOUR BINDS HERE'!B28 -> SZ
A28: Movement Ability | B28: ='ENTER YOUR BINDS HERE'!B29 -> X | C28: Blink | D28: Blink | E28: Blink
A29: Movement Ability 2 | B29: ='ENTER YOUR BINDS HERE'!B30 -> SX
A30: CC | B30: ='ENTER YOUR BINDS HERE'!B31 -> C | C30: Frost Nova | D30: Frost Nova | E30: Frost Nova
A31: CC 2 | B31: ='ENTER YOUR BINDS HERE'!B32 -> SC | C31: Supernova | D31: Supernova | E31: Supernova
A32: Interrupt | B32: ='ENTER YOUR BINDS HERE'!B33 -> V | C32: Counterspell | D32: Counterspell | E32: Counterspell
A33: Slow | B33: ='ENTER YOUR BINDS HERE'!B34 -> SV
A34: Buff | B34: ='ENTER YOUR BINDS HERE'!B36 -> CZ
A35: Res | B35: ='ENTER YOUR BINDS HERE'!B37 -> CX | C35: Arcane Intellect | D35: Arcane Intellect | E35: Arcane Intellect
A36: Immune/Spell Immune/Movement | B36: ='ENTER YOUR BINDS HERE'!B41 -> CC | C36: Ice Block | D36: Ice Block | E36: Ice Block
A37: Taunt/Quick Access | B37: ='ENTER YOUR BINDS HERE'!B42 -> CV | C37: Greater Invisibility | D37: Greater Invisibility | E37: Greater Invisibility
A38: PvP | B38: ='ENTER YOUR BINDS HERE'!B38 -> AZ
A39: PvP 2 | B39: ='ENTER YOUR BINDS HERE'!B39 -> AX
A40: PvP 3 | B40: ='ENTER YOUR BINDS HERE'!B40 -> AC
A41: Mount | B41: ='ENTER YOUR BINDS HERE'!B35 -> AV | C41: Mount | D41: Mount | E41: Mount
A42: Healthstone/Potion Macro | B42: ='ENTER YOUR BINDS HERE'!B43 -> A1 | C42: Healthstone/Potion Macro | D42: Healthstone/Potion Macro | E42: Healthstone/Potion Macro
A43: Drinking/Mana Potion Macro | B43: ='ENTER YOUR BINDS HERE'!B44 -> A2 | C43: Drinking/Mana Potion Macro | D43: Drinking/Mana Potion Macro | E43: Drinking/Mana Potion Macro
A44: Damage Potion | B44: ='ENTER YOUR BINDS HERE'!B45 -> A3 | C44: Damage Potion | D44: Damage Potion | E44: Damage Potion
A45: Another Combat Item If Needed | B45: ='ENTER YOUR BINDS HERE'!B46 -> A4 | C45: Another Combat Item If Needed | D45: Another Combat Item If Needed | E45: Another Combat Item If Needed
A46: Trinket Macro | B46: ='ENTER YOUR BINDS HERE'!B47 -> AQ | C46: Trinket Macro | D46: Trinket Macro | E46: Trinket Macro
A47: Racial Ability | B47: ='ENTER YOUR BINDS HERE'!B48 -> AE | C47: Racial Ability | D47: Racial Ability | E47: Racial Ability
A48: Free | B48: ='ENTER YOUR BINDS HERE'!B49 -> AR | C48: Free | D48: Free | E48: Free
A49: Free | B49: ='ENTER YOUR BINDS HERE'!B50 -> AF | C49: Free | D49: Free | E49: Free
B57: ='ENTER YOUR BINDS HERE'!B58
B58: ='ENTER YOUR BINDS HERE'!B59

Sheet Priest
A1: Category (Common Use) | B1: Keybind | C1: Discipline | D1: Holy | E1: Shadow | F1: Notes | G1: Legend
A2: Combat 1 | B2: ='ENTER YOUR BINDS HERE'!B3 -> 1 | C2: Smite | D2: Smite | E2: Mind Flay | G2: Combat (Attacks/Cooldowns)
A3: Combat 2 | B3: ='ENTER YOUR BINDS HERE'!B4 -> 2 | C3: Mind Blast | D3: Holy Fire | E3: Mind Blast | G3: Defensive
A4: Combat 3 | B4: ='ENTER YOUR BINDS HERE'!B5 -> 3 | C4: Shadow Word: Pain | D4: Prayer of Mending | E4: Shadow Word: Pain | G4: Movement
A5: Combat 4 | B5: ='ENTER YOUR BINDS HERE'!B6 -> 4 | C5: Flash Heal | D5: Flash Heal | E5: Vampiric Touch | G5: CCs
A6: Combat 5 | B6: ='ENTER YOUR BINDS HERE'!B7 -> Q | C6: Penance | D6: Holy Word: Serenity | E6: Shadow Word: Madness | G6: Heals
A7: Combat 6 | B7: ='ENTER YOUR BINDS HERE'!B8 -> E | C7: Power Word: Radiance | D7: Prayer of Healing | E7: Shadow Word: Death | G7: Utility
A8: Combat 7 | B8: ='ENTER YOUR BINDS HERE'!B9 -> R | C8: Power Word: Shield | D8: Holy Word: Sanctify | E8: Tentacle Slam | G8: Items/Misc
A9: Combat 8 | B9: ='ENTER YOUR BINDS HERE'!B10 -> F | C9: Plea | D9: Halo | E9: Void Torrent/Halo | G9: Instant Access
A10: Combat 9 | B10: ='ENTER YOUR BINDS HERE'!B11 -> S1 | C10: Evangelism | D10: Apotheosis | E10: Voidform | G10: PvP
A11: Combat 10 | B11: ='ENTER YOUR BINDS HERE'!B12 -> S2 | C11: Power Word: Barrier | D11: Divine Hymn | G11: Stances
A12: Combat 11 | B12: ='ENTER YOUR BINDS HERE'!B13 -> S3
A13: Combat 12 | B13: ='ENTER YOUR BINDS HERE'!B14 -> S4 | C13: Pain Suppression | D13: Guardian Spirit | G13: so priests are pre-trauma paladins in canon, now?
A14: Class 1 (Movement) | B14: ='ENTER YOUR BINDS HERE'!B15 -> SQ | C14: Holy Nova | D14: Holy Nova | E14: Holy Nova
A15: Class 2 (CC) | B15: ='ENTER YOUR BINDS HERE'!B16 -> SE | C15: Shadow Word: Death | D15: Shadow Word: Death | G15: OPie Master Ring | H15: ='ENTER YOUR BINDS HERE'!D3 -> T
A16: Class 3 (Tag) | B16: ='ENTER YOUR BINDS HERE'!B17 -> SR | C16: Mass Dispel | D16: Mass Dispel | E16: Mass Dispel | G16: OPie Markers Ring | H16: ='ENTER YOUR BINDS HERE'!D4 -> Shift+G
A17: Class 4 (Special) | B17: ='ENTER YOUR BINDS HERE'!B18 -> SF | C17: Power Infusion | D17: Power Infusion | E17: Power Infusion | G17: OPie World Markers Ring | H17: ='ENTER YOUR BINDS HERE'!D5 -> Ctrl+G
A18: Self-Heal 1 | B18: ='ENTER YOUR BINDS HERE'!B19 -> C1 | C18: Desperate Prayer | D18: Desperate Prayer | E18: Desperate Prayer | G18: ExtraActionButton | H18: ='ENTER YOUR BINDS HERE'!D6 -> 5
A19: Self-Heal 2 | B19: ='ENTER YOUR BINDS HERE'!B20 -> C2 | E19: Flash Heal | G19: Interact | H19: ='ENTER YOUR BINDS HERE'!D7 -> `
A20: Self-Heal 3 (Overflow) | B20: ='ENTER YOUR BINDS HERE'!B21 -> C3 | E20: Vampiric Embrace | G20: OPie Quest Item Ring | H20: ='ENTER YOUR BINDS HERE'!D8 -> Shift+`
A21: Self-Heal 4 (Emergency/Overflow) | B21: ='ENTER YOUR BINDS HERE'!B22 -> C4 | E21: Power Word: Shield | G21: Autorun | H21: ='ENTER YOUR BINDS HERE'!D9 -> Middle Mouse
A22: Class 5 (Purge) | B22: ='ENTER YOUR BINDS HERE'!B23 -> CQ | C22: Dispel Magic | D22: Dispel Magic | E22: Dispel Magic
A23: Class 6 (Dispel) | B23: ='ENTER YOUR BINDS HERE'!B24 -> CE | C23: Purify | D23: Purify | E23: Purify Disease
A24: Class 7 (Raid Defensive) | B24: ='ENTER YOUR BINDS HERE'!B25 -> CR | C24: Levitate | D24: Levitate | E24: Levitate
A25: Class 8 (Lust/BRes) | B25: ='ENTER YOUR BINDS HERE'!B26 -> CF | C25: Mind Soothe | D25: Mind Soothe | E25: Mind Soothe
A26: Personal Defensive 1 | B26: ='ENTER YOUR BINDS HERE'!B27 -> Z | C26: Fade | D26: Fade | E26: Fade
A27: Personal Defensive 2 | B27: ='ENTER YOUR BINDS HERE'!B28 -> SZ
A28: Movement Ability | B28: ='ENTER YOUR BINDS HERE'!B29 -> X | C28: Angelic Feather | D28: Angelic Feather | E28: Angelic Feather
A29: Movement Ability 2 | B29: ='ENTER YOUR BINDS HERE'!B30 -> SX
